Const,Your Rating,Date Rated,Title,Original Title,URL,Title Type,IMDb Rating,Runtime (mins),Year,Genres,Num Votes,Release Date,Directors
tt10423460,8,2026-07-12,"Family Business","Family Business",https://www.imdb.com/title/tt10423460,TV Series,7.4,,2019,"Comedy",5911,"2019-06-28",
tt0362225,8,2026-07-12,"Tell No One","Ne le dis à personne",https://www.imdb.com/title/tt0362225,Movie,7.5,131,2006,"Drama, Thriller, Crime, Mystery, Romance",61572,"2006-11-01","Guillaume Canet"
tt31806037,9,2026-07-12,"Adolescence","Adolescence",https://www.imdb.com/title/tt31806037,TV Mini Series,8.1,60,2025,"Crime, Drama, Thriller",309359,"2025-03-13",
tt0101700,8,2026-07-12,"Delicatessen","Delicatessen",https://www.imdb.com/title/tt0101700,Movie,7.5,99,1991,"Crime, Comedy",94573,"1992-04-03","Marc Caro,Jean-Pierre Jeunet"
tt33071426,8,2026-04-22,"The Drama","The Drama",https://www.imdb.com/title/tt33071426,Movie,7.2,105,2026,"Romance, Comedy, Drama",83970,"2026-04-03","Kristoffer Borgli"
tt5875444,8,2026-03-30,"Slow Horses","Slow Horses",https://www.imdb.com/title/tt5875444,TV Series,8.3,50,2022,"Thriller, Drama",150037,"2022-04-01",
tt17009710,8,2026-03-30,"Anatomy of a Fall","Anatomie d'une chute",https://www.imdb.com/title/tt17009710,Movie,7.6,151,2023,"Drama, Thriller, Crime, Mystery",234377,"2024-03-22","Justine Triet"
tt1259014,7,2026-03-29,"Mesrine: Killer Instinct","L'instinct de mort",https://www.imdb.com/title/tt1259014,Movie,7.5,113,2008,"Action, Biography, Crime, Drama, Thriller",36727,"2008-10-22","Jean-François Richet"
tt0765443,8,2026-03-29,"Eastern Promises","Eastern Promises",https://www.imdb.com/title/tt0765443,Movie,7.6,100,2007,"Thriller, Crime, Drama",278438,"2007-09-21","David Cronenberg"
tt0101410,8,2026-03-28,"Barton Fink","Barton Fink",https://www.imdb.com/title/tt0101410,Movie,7.6,116,1991,"Comedy, Thriller, Drama",135991,"1991-08-21","Joel Coen,Ethan Coen"
tt5537002,7,2026-03-28,"Killers of the Flower Moon","Killers of the Flower Moon",https://www.imdb.com/title/tt5537002,Movie,7.5,206,2023,"Drama, Crime, History, Western",309720,"2023-10-20","Martin Scorsese"
tt12042730,9,2026-03-25,"Project Hail Mary","Project Hail Mary",https://www.imdb.com/title/tt12042730,Movie,8.2,156,2026,"Sci-Fi, Adventure, Comedy, Drama",417211,"2026-03-20","Phil Lord,Christopher Miller"
tt1341338,7,2026-03-17,"Good Luck, Have Fun, Don't Die","Good Luck, Have Fun, Don't Die",https://www.imdb.com/title/tt1341338,Movie,7.0,134,2025,"Action, Adventure, Sci-Fi, Comedy",61641,"2026-02-13","Gore Verbinski"
tt27847051,7,2026-03-16,"The Secret Agent","O Agente Secreto",https://www.imdb.com/title/tt27847051,Movie,7.2,161,2025,"Drama, Thriller, Crime, Mystery",58952,"2025-11-06","Kleber Mendonça Filho"
tt0455275,8,2026-02-18,"Prison Break","Prison Break",https://www.imdb.com/title/tt0455275,TV Series,8.3,44,2005,"Mystery, Thriller, Crime, Drama, Action",672618,"2005-08-29",
tt2356777,9,2026-02-18,"True Detective","True Detective",https://www.imdb.com/title/tt2356777,TV Series,8.8,60,2014,"Crime, Drama, Mystery, Thriller",760788,"2014-01-12",
tt0460649,7,2026-02-18,"How I Met Your Mother","How I Met Your Mother",https://www.imdb.com/title/tt0460649,TV Series,8.3,22,2005,"Comedy, Romance, Drama",784869,"2005-09-19",
tt1190634,8,2026-02-18,"The Boys","The Boys",https://www.imdb.com/title/tt1190634,TV Series,8.5,60,2019,"Action, Sci-Fi, Crime, Comedy, Drama",1006512,"2019-07-26",
tt32916440,8,2026-02-15,"Marty Supreme","Marty Supreme",https://www.imdb.com/title/tt32916440,Movie,7.6,149,2025,"Drama, Sport, Comedy",197739,"2025-12-25","Josh Safdie"
tt1485796,7,2025-12-29,"The Greatest Showman","The Greatest Showman",https://www.imdb.com/title/tt1485796,Movie,7.5,105,2017,"Musical, Drama, Biography, Romance",349841,"2017-12-20","Michael Gracey"
tt30144839,8,2025-11-19,"One Battle After Another","One Battle After Another",https://www.imdb.com/title/tt30144839,Movie,7.6,161,2025,"Crime, Thriller",424759,"2025-09-26","Paul Thomas Anderson"
tt0103639,9,2025-10-28,"Aladdin","Aladdin",https://www.imdb.com/title/tt0103639,Movie,8.0,90,1992,"Animation, Musical, Romance, Adventure, Comedy, Family, Fantasy",502574,"1992-11-25","Ron Clements,John Musker"
tt16311594,7,2025-09-20,"F1: The Movie","F1",https://www.imdb.com/title/tt16311594,Movie,7.6,155,2025,"Sport, Drama",373970,"2025-06-27","Joseph Kosinski"
tt0183505,8,2025-06-15,"Me, Myself & Irene","Me, Myself & Irene",https://www.imdb.com/title/tt0183505,Movie,6.6,116,2000,"Comedy",264494,"2000-06-23","Bobby Farrelly,Peter Farrelly"
tt13406094,8,2025-06-14,"The White Lotus","The White Lotus",https://www.imdb.com/title/tt13406094,TV Series,8.0,60,2021,"Comedy, Drama, Mystery",328722,"2021-07-11",
tt30459041,8,2025-06-14,"Your Friends & Neighbors","Your Friends & Neighbors",https://www.imdb.com/title/tt30459041,TV Series,7.7,,2025,"Drama, Crime",62315,"2025-04-11",
tt11280740,8,2025-06-14,"Severance","Severance",https://www.imdb.com/title/tt11280740,TV Series,8.6,50,2022,"Drama, Thriller, Mystery, Sci-Fi",396167,"2022-02-18",
tt1131729,7,2025-06-14,"Pirate Radio","The Boat That Rocked",https://www.imdb.com/title/tt1131729,Movie,7.3,117,2009,"Comedy, Drama, Music",120801,"2009-11-13","Richard Curtis"
tt8999762,7,2025-06-14,"The Brutalist","The Brutalist",https://www.imdb.com/title/tt8999762,Movie,7.2,216,2024,"Drama",160225,"2025-01-24","Brady Corbet"
tt9603212,7,2025-06-07,"Mission: Impossible - Dead Reckoning Part One","Mission: Impossible - Dead Reckoning Part One",https://www.imdb.com/title/tt9603212,Movie,7.6,163,2023,"Action, Adventure, Thriller",329645,"2023-07-12","Christopher McQuarrie"
tt6742252,8,2025-04-29,"The Guilty","Den skyldige",https://www.imdb.com/title/tt6742252,Movie,7.5,85,2018,"Thriller, Crime, Drama",69507,"2018-10-19","Gustav Möller"
tt14317880,6,2025-04-08,"Final Cut","Coupez!",https://www.imdb.com/title/tt14317880,Movie,6.3,112,2022,"Comedy, Horror",5716,"2022-05-17","Michel Hazanavicius"
tt11563598,5,2025-03-10,"A Complete Unknown","A Complete Unknown",https://www.imdb.com/title/tt11563598,Movie,7.3,141,2024,"Biography, Drama, Music",119868,"2024-12-25","James Mangold"
tt0047396,8,2025-03-03,"Rear Window","Rear Window",https://www.imdb.com/title/tt0047396,Movie,8.4,112,1954,"Drama, Mystery, Thriller",570369,"1954-09-01","Alfred Hitchcock"
tt27490099,7,2025-02-17,"Beating Hearts","L'amour ouf",https://www.imdb.com/title/tt27490099,Movie,7.0,161,2024,"Drama, Romance, Crime, Comedy",8853,"2024-10-16","Gilles Lellouche"
tt4080672,8,2025-02-09,"Daddy or Mommy","Papa ou maman",https://www.imdb.com/title/tt4080672,Movie,6.0,85,2015,"Comedy, Drama, Romance",5355,"2015-02-04","Martin Bourboulon"
tt5833730,8,2025-02-09,"Divorce French Style","Papa ou maman 2",https://www.imdb.com/title/tt5833730,Movie,6.1,90,2016,"Comedy, Drama, Romance",2015,"2016-12-07","Martin Bourboulon"
tt7027092,7,2025-02-09,"Budapest","Budapest",https://www.imdb.com/title/tt7027092,Movie,5.5,102,2018,"Comedy",4016,"2019-03-01","Xavier Gens"
tt27503384,8,2025-01-31,"Perfect Days","Perfect Days",https://www.imdb.com/title/tt27503384,Movie,7.9,124,2023,"Drama",108078,"2023-12-21","Wim Wenders"
tt6263850,7,2025-01-07,"Deadpool & Wolverine","Deadpool & Wolverine",https://www.imdb.com/title/tt6263850,Movie,7.5,128,2024,"Action, Comedy, Sci-Fi, Adventure",576512,"2024-07-26","Shawn Levy"
tt29623480,7,2025-01-07,"The Wild Robot","The Wild Robot",https://www.imdb.com/title/tt29623480,Movie,8.2,102,2024,"Animation, Family, Adventure, Sci-Fi",230024,"2024-09-27","Chris Sanders"
tt11291274,6,2025-01-07,"The Unbearable Weight of Massive Talent","The Unbearable Weight of Massive Talent",https://www.imdb.com/title/tt11291274,Movie,7.0,107,2022,"Comedy, Action, Crime, Thriller",180202,"2022-04-22","Tom Gormican"
tt13210838,8,2025-01-07,"The Gentlemen","The Gentlemen",https://www.imdb.com/title/tt13210838,TV Series,8.0,50,2024,"Action, Comedy, Crime",179695,"2024-03-07",
tt24053860,8,2025-01-07,"The Day of the Jackal","The Day of the Jackal",https://www.imdb.com/title/tt24053860,TV Series,8.1,,2024,"Drama, Thriller, Crime, Action",133971,"2024-11-14",
tt2788316,9,2025-01-07,"Shōgun","Shogun",https://www.imdb.com/title/tt2788316,TV Series,8.6,60,2024,"Drama, History, Adventure, War, Action",248379,"2024-02-27",
tt15435876,9,2025-01-07,"The Penguin","The Penguin",https://www.imdb.com/title/tt15435876,TV Mini Series,8.6,60,2024,"Crime, Drama",242613,"2024-09-19",
tt12037194,8,2025-01-01,"Furiosa: A Mad Max Saga","Furiosa: A Mad Max Saga",https://www.imdb.com/title/tt12037194,Movie,7.4,148,2024,"Action, Adventure, Sci-Fi",323235,"2024-05-24","George Miller"
tt14257582,7,2024-11-13,"Wolfs","Wolfs",https://www.imdb.com/title/tt14257582,Movie,6.5,108,2024,"Thriller, Crime, Comedy, Action",105797,"2024-09-27","Jon Watts"
tt11315808,5,2024-11-02,"Joker: Folie à Deux","Joker: Folie à Deux",https://www.imdb.com/title/tt11315808,Movie,5.2,138,2024,"Musical, Thriller, Drama",185355,"2024-10-04","Todd Phillips"
tt26446278,7,2024-08-03,"The Count of Monte Cristo","Le Comte de Monte-Cristo",https://www.imdb.com/title/tt26446278,Movie,7.6,178,2024,"Adventure, Thriller, Action, Drama, Romance",49239,"2024-12-20","Alexandre de La Patellière,Matthieu Delaporte"
tt7456310,6,2024-07-15,"Anna","Anna",https://www.imdb.com/title/tt7456310,Movie,6.7,118,2019,"Action, Thriller, Adventure, Drama",108625,"2019-06-21","Luc Besson"
tt15239678,9,2024-05-23,"Dune: Part Two","Dune: Part Two",https://www.imdb.com/title/tt15239678,Movie,8.4,166,2024,"Adventure, Drama, Sci-Fi, Action",772461,"2024-03-01","Denis Villeneuve"
tt3532216,7,2024-01-17,"American Made","American Made",https://www.imdb.com/title/tt3532216,Movie,7.2,115,2017,"Crime, Action, Comedy, Drama, Thriller",234105,"2017-09-29","Doug Liman"
tt1517268,4,2024-01-15,"Barbie","Barbie",https://www.imdb.com/title/tt1517268,Movie,6.8,114,2023,"Comedy, Adventure, Fantasy",696566,"2023-07-21","Greta Gerwig"
tt3783958,8,2024-01-14,"La La Land","La La Land",https://www.imdb.com/title/tt3783958,Movie,8.0,128,2016,"Musical, Comedy, Drama, Romance, Music",768656,"2016-12-25","Damien Chazelle"
tt2575988,9,2024-01-04,"Silicon Valley","Silicon Valley",https://www.imdb.com/title/tt2575988,TV Series,8.5,30,2014,"Comedy",183073,"2014-04-06",
tt15301048,7,2024-01-04,"Argentina, 1985","Argentina, 1985",https://www.imdb.com/title/tt15301048,Movie,7.6,140,2022,"Drama, Crime, History, Biography",36541,"2022-10-21","Santiago Mitre"
tt10545704,6,2023-12-31,"Farewell, Mr. Haffmann","Adieu Monsieur Haffmann",https://www.imdb.com/title/tt10545704,Movie,7.1,115,2021,"Drama",3682,"2022-01-12","Fred Cavayé"
tt4364194,7,2023-12-31,"The Peanut Butter Falcon","The Peanut Butter Falcon",https://www.imdb.com/title/tt4364194,Movie,7.6,97,2019,"Comedy, Drama, Adventure",120294,"2019-08-23","Tyler Nilson,Michael Schwartz"
tt7405458,7,2023-12-25,"A Man Called Otto","A Man Called Otto",https://www.imdb.com/title/tt7405458,Movie,7.5,126,2022,"Comedy, Drama",213099,"2023-01-13","Marc Forster"
tt1136617,6,2023-12-11,"The Killer","The Killer",https://www.imdb.com/title/tt1136617,Movie,6.7,118,2023,"Action, Thriller, Crime, Drama, Adventure",225145,"2023-11-10","David Fincher"
tt16968450,8,2023-11-04,"The Wonderful Story of Henry Sugar","The Wonderful Story of Henry Sugar",https://www.imdb.com/title/tt16968450,Short,7.4,40,2023,"Short, Adventure, Comedy, Drama",89412,"2023-09-27","Wes Anderson"
tt6146586,5,2023-09-25,"John Wick: Chapter 3 - Parabellum","John Wick: Chapter 3 - Parabellum",https://www.imdb.com/title/tt6146586,Movie,7.4,130,2019,"Action, Thriller, Crime",483536,"2019-05-17","Chad Stahelski"
tt23898856,6,2023-09-25,"Sentinelle","Sentinelle",https://www.imdb.com/title/tt23898856,Movie,5.1,99,2023,"Action, Comedy, Crime",1817,"2023-09-08","Hugo Benamozig,David Caviglioli"
tt15398776,8,2023-09-23,"Oppenheimer","Oppenheimer",https://www.imdb.com/title/tt15398776,Movie,8.2,180,2023,"Biography, Drama, History",1061556,"2023-07-21","Christopher Nolan"
tt2087850,5,2023-09-23,"The Players","Les infidèles",https://www.imdb.com/title/tt2087850,Movie,5.3,109,2012,"Comedy, Drama",9155,"2012-02-29","Jean Dujardin,Gilles Lellouche,Emmanuelle Bercot,Fred Cavayé,Alexandre Courtès,Michel Hazanavicius,Jan Kounen,Éric Lartigau"
tt6791350,7,2023-09-23,"Guardians of the Galaxy Vol. 3","Guardians of the Galaxy Vol. 3",https://www.imdb.com/title/tt6791350,Movie,7.9,150,2023,"Action, Adventure, Sci-Fi, Comedy, Fantasy",476091,"2023-05-05","James Gunn"
tt6718170,7,2023-09-23,"The Super Mario Bros. Movie","The Super Mario Bros. Movie",https://www.imdb.com/title/tt6718170,Movie,7.0,92,2023,"Animation, Adventure, Family, Comedy, Fantasy",298537,"2023-04-05","Aaron Horvath,Michael Jelenic,Pierre Leduc,Fabien Polack"
tt10366206,5,2023-09-23,"John Wick: Chapter 4","John Wick: Chapter 4",https://www.imdb.com/title/tt10366206,Movie,7.6,169,2023,"Action, Crime, Thriller",414769,"2023-03-24","Chad Stahelski"
tt27714278,3,2023-09-04,"Medellin","Medellin",https://www.imdb.com/title/tt27714278,Movie,5.0,104,2023,"Comedy, Action",2330,"2023-06-02","Franck Gastambide"
tt0113277,8,2023-08-22,"Heat","Heat",https://www.imdb.com/title/tt0113277,Movie,8.3,170,1995,"Drama, Action, Crime",810179,"1995-12-15","Michael Mann"
tt11813216,6,2023-07-04,"The Banshees of Inisherin","The Banshees of Inisherin",https://www.imdb.com/title/tt11813216,Movie,7.6,114,2022,"Drama, Comedy",297556,"2022-11-04","Martin McDonagh"
tt0074524,5,2023-07-01,"Femmes Fatales","Calmos",https://www.imdb.com/title/tt0074524,Movie,6.4,102,1976,"Comedy",1744,"1977-09-23","Bertrand Blier"
tt13531468,6,2023-07-01,"Rise","En corps",https://www.imdb.com/title/tt13531468,Movie,7.0,117,2022,"Drama, Comedy",3990,"2022-03-30","Cédric Klapisch"
tt1462764,7,2023-06-29,"Indiana Jones and the Dial of Destiny","Indiana Jones and the Dial of Destiny",https://www.imdb.com/title/tt1462764,Movie,6.5,154,2023,"Action, Adventure, Sci-Fi",234634,"2023-06-30","James Mangold"
tt14208870,7,2023-06-18,"The Fabelmans","The Fabelmans",https://www.imdb.com/title/tt14208870,Movie,7.5,151,2022,"Drama, Biography",135963,"2022-11-23","Steven Spielberg"
tt0372588,8,2023-06-12,"Team America: World Police","Team America: World Police",https://www.imdb.com/title/tt0372588,Movie,7.2,98,2004,"Action, Comedy",185564,"2004-10-15","Trey Parker"
tt21249808,6,2023-05-14,"Jack Mimoun and the Secrets of Val Verde","Jack Mimoun & les secrets de Val Verde",https://www.imdb.com/title/tt21249808,Movie,5.4,104,2022,"Adventure, Comedy",1231,"2022-10-12","Malik Bentalha,Ludovic Colbeau-Justin"
tt3704428,7,2023-05-14,"Elvis","Elvis",https://www.imdb.com/title/tt3704428,Movie,7.3,159,2022,"Biography, Drama, Music",262984,"2022-06-24","Baz Luhrmann"
tt11564570,7,2023-05-14,"Glass Onion","Glass Onion",https://www.imdb.com/title/tt11564570,Movie,7.1,139,2022,"Crime, Thriller, Drama, Mystery, Comedy",527990,"2022-12-23","Rian Johnson"
tt1745960,8,2023-05-14,"Top Gun: Maverick","Top Gun: Maverick",https://www.imdb.com/title/tt1745960,Movie,8.2,130,2022,"Action, Drama",890754,"2022-05-27","Joseph Kosinski"
tt2179121,9,2023-05-04,"What's in a Name?","Le prénom",https://www.imdb.com/title/tt2179121,Movie,7.3,109,2012,"Comedy, Drama",20255,"2013-12-13","Alexandre de La Patellière,Matthieu Delaporte"
tt9419884,6,2023-01-08,"Doctor Strange in the Multiverse of Madness","Doctor Strange in the Multiverse of Madness",https://www.imdb.com/title/tt9419884,Movie,6.8,126,2022,"Action, Fantasy, Adventure, Sci-Fi",549158,"2022-05-06","Sam Raimi"
tt5462602,7,2023-01-08,"The Big Sick","The Big Sick",https://www.imdb.com/title/tt5462602,Movie,7.5,120,2017,"Comedy, Romance, Drama",150915,"2017-07-14","Michael Showalter"
tt0446029,6,2023-01-08,"Scott Pilgrim vs. the World","Scott Pilgrim vs. the World",https://www.imdb.com/title/tt0446029,Movie,7.5,112,2010,"Action, Comedy, Romance, Fantasy",498340,"2010-08-13","Edgar Wright"
tt14544192,8,2022-12-24,"Bo Burnham: Inside","Bo Burnham: Inside",https://www.imdb.com/title/tt14544192,TV Special,8.6,87,2021,"Documentary, Comedy, Drama, Music",59835,"2021-05-30","Bo Burnham"
tt8721424,8,2022-12-24,"tick, tick... BOOM!","Tick, Tick... Boom!",https://www.imdb.com/title/tt8721424,Movie,7.5,115,2021,"Musical, Biography, Drama, Comedy",129266,"2021-11-19","Lin-Manuel Miranda"
tt11655202,7,2022-11-02,"Riders of Justice","Retfærdighedens ryttere",https://www.imdb.com/title/tt11655202,Movie,7.5,116,2020,"Comedy, Action, Drama, Thriller",76567,"2021-05-21","Anders Thomas Jensen"
tt6710474,7,2022-11-02,"Everything Everywhere All at Once","Everything Everywhere All at Once",https://www.imdb.com/title/tt6710474,Movie,7.7,139,2022,"Sci-Fi, Adventure, Comedy, Fantasy, Action, Drama",655072,"2022-04-08","Daniel Kwan,Daniel Scheinert"
tt10648342,6,2022-11-02,"Thor: Love and Thunder","Thor: Love and Thunder",https://www.imdb.com/title/tt10648342,Movie,6.1,118,2022,"Adventure, Romance, Sci-Fi, Comedy, Action",464791,"2022-07-08","Taika Waititi"
tt0863046,10,2022-06-20,"Flight of the Conchords","Flight of the Conchords",https://www.imdb.com/title/tt0863046,TV Series,8.5,30,2007,"Musical, Comedy, Music",70009,"2007-06-17",
tt7458762,7,2022-05-11,"The Wolf's Call","Le chant du loup",https://www.imdb.com/title/tt7458762,Movie,6.9,115,2019,"Thriller, Action",24340,"2019-06-20","Antonin Baudry"
tt9484998,7,2022-05-11,"Palm Springs","Palm Springs",https://www.imdb.com/title/tt9484998,Movie,7.4,90,2020,"Comedy, Romance, Fantasy, Mystery, Sci-Fi",216284,"2020-07-10","Max Barbakow"
tt9686708,7,2022-05-11,"The King of Staten Island","The King of Staten Island",https://www.imdb.com/title/tt9686708,Movie,7.1,136,2020,"Comedy, Drama",82386,"2020-06-12","Judd Apatow"
tt7991608,7,2022-05-11,"Red Notice","Red Notice",https://www.imdb.com/title/tt7991608,Movie,6.3,118,2021,"Action, Comedy, Thriller",356518,"2021-11-12","Rawson Marshall Thurber"
tt11466222,6,2022-05-11,"Jackass Forever","Jackass Forever",https://www.imdb.com/title/tt11466222,Movie,6.8,96,2022,"Documentary, Comedy",55611,"2022-02-04","Jeff Tremaine"
tt11286314,6,2022-05-11,"Don't Look Up","Don't Look Up",https://www.imdb.com/title/tt11286314,Movie,7.1,138,2021,"Comedy, Drama, Sci-Fi",675207,"2021-12-24","Adam McKay"
tt6856242,6,2022-05-11,"The King's Man","The King's Man",https://www.imdb.com/title/tt6856242,Movie,6.3,131,2021,"Action, Adventure, Thriller",197106,"2021-12-22","Matthew Vaughn"
tt9376612,7,2022-05-11,"Shang-Chi and the Legend of the Ten Rings","Shang-Chi and the Legend of the Ten Rings",https://www.imdb.com/title/tt9376612,Movie,7.3,132,2021,"Action, Adventure, Fantasy, Sci-Fi",491738,"2021-09-03","Destin Daniel Cretton"
tt7936092,5,2022-05-08,"Black Snake: The Legend of Black Snake","Black Snake: La légende du serpent noir",https://www.imdb.com/title/tt7936092,Movie,4.7,82,2019,"Comedy, Action",630,"2019-02-20","Thomas Ngijol,Karole Rocher"
tt1877830,8,2022-05-08,"The Batman","The Batman",https://www.imdb.com/title/tt1877830,Movie,7.8,176,2022,"Crime, Mystery, Action, Drama",935546,"2022-03-04","Matt Reeves"
tt9620288,7,2022-04-05,"King Richard","King Richard",https://www.imdb.com/title/tt9620288,Movie,7.5,144,2021,"Drama, Sport, Biography",192290,"2021-11-19","Reinaldo Marcus Green"
tt10404944,7,2022-04-05,"The Stronghold","BAC Nord",https://www.imdb.com/title/tt10404944,Movie,6.9,105,2020,"Thriller, Crime, Action, Drama",15753,"2021-09-17","Cédric Jimenez"
tt10872600,7,2022-03-24,"Spider-Man: No Way Home","Spider-Man: No Way Home",https://www.imdb.com/title/tt10872600,Movie,8.1,148,2021,"Action, Adventure, Sci-Fi, Fantasy",1031940,"2021-12-17","Jon Watts"
tt2463208,7,2022-03-11,"The Adam Project","The Adam Project",https://www.imdb.com/title/tt2463208,Movie,6.7,106,2022,"Sci-Fi, Action, Adventure, Comedy",259615,"2022-03-11","Shawn Levy"
tt2953050,8,2022-01-30,"Encanto","Encanto",https://www.imdb.com/title/tt2953050,Movie,7.2,102,2021,"Animation, Musical, Family, Fantasy, Comedy",298742,"2021-11-24","Jared Bush,Byron Howard,Charise Castro Smith"
tt1856101,8,2022-01-27,"Blade Runner 2049","Blade Runner 2049",https://www.imdb.com/title/tt1856101,Movie,8.0,164,2017,"Sci-Fi, Thriller, Action, Drama, Mystery",759412,"2017-10-06","Denis Villeneuve"
tt10287954,7,2022-01-18,"Rose Island","L'incredibile storia dell'isola delle rose",https://www.imdb.com/title/tt10287954,Movie,7.0,117,2020,"Comedy, Drama, Adventure, Biography",27849,"2020-12-09","Sydney Sibilia"
tt1937149,7,2022-01-13,"The Body","El cuerpo",https://www.imdb.com/title/tt1937149,Movie,7.6,112,2012,"Thriller, Mystery, Crime, Drama",79814,"2012-12-21","Oriol Paulo"
tt10293406,6,2022-01-12,"The Power of the Dog","The Power of the Dog",https://www.imdb.com/title/tt10293406,Movie,6.8,126,2021,"Drama, Western",243857,"2021-12-01","Jane Campion"
tt13583002,9,2022-01-10,"Invisible - Canal +","Invisible - Canal +",https://www.imdb.com/title/tt13583002,TV Series,null,,2016,"Sport",0,"2016-08-05",
tt15469946,8,2022-01-10,"ORELSAN: Don't ever show this to anyone","Orelsan : Montre jamais ça à personne",https://www.imdb.com/title/tt15469946,TV Series,8.5,45,2021,"Documentary, Music",1017,"2021-10-15",
tt2382320,7,2021-12-29,"No Time to Die","No Time to Die",https://www.imdb.com/title/tt2382320,Movie,7.3,163,2021,"Action, Thriller, Adventure",490562,"2021-10-08","Cary Joji Fukunaga"
tt1160419,9,2021-12-29,"Dune: Part One","Dune: Part One",https://www.imdb.com/title/tt1160419,Movie,8.0,155,2021,"Sci-Fi, Adventure, Drama, Action",1072390,"2021-10-22","Denis Villeneuve"
tt10838180,7,2021-12-28,"The Matrix Resurrections","The Matrix Resurrections",https://www.imdb.com/title/tt10838180,Movie,5.6,148,2021,"Action, Sci-Fi",304499,"2021-12-22","Lana Wachowski"
tt0242653,7,2021-12-28,"The Matrix Revolutions","The Matrix Revolutions",https://www.imdb.com/title/tt0242653,Movie,6.7,129,2003,"Action, Sci-Fi",577174,"2003-11-05","Lana Wachowski,Lilly Wachowski"
tt10288566,8,2021-12-15,"Another Round","Druk",https://www.imdb.com/title/tt10288566,Movie,7.7,117,2020,"Drama, Comedy",228272,"2020-12-18","Thomas Vinterberg"
tt0804484,7,2021-11-17,"Foundation","Foundation",https://www.imdb.com/title/tt0804484,TV Series,7.6,60,2021,"Sci-Fi, Drama",127427,"2021-09-24",
tt10199590,5,2021-10-30,"Les Misérables","Les Misérables",https://www.imdb.com/title/tt10199590,Movie,7.6,104,2019,"Drama, Crime, Thriller",30635,"2019-11-20","Ladj Ly"
tt10196398,6,2021-10-17,"Bye Bye Morons","Adieu les cons",https://www.imdb.com/title/tt10196398,Movie,6.7,87,2020,"Comedy, Drama",7971,"2020-10-21","Albert Dupontel"
tt0061512,6,2021-10-16,"Cool Hand Luke","Cool Hand Luke",https://www.imdb.com/title/tt0061512,Movie,8.0,127,1967,"Crime, Drama",196637,"1967-11-01","Stuart Rosenberg"
tt0056592,6,2021-10-16,"To Kill a Mockingbird","To Kill a Mockingbird",https://www.imdb.com/title/tt0056592,Movie,8.2,129,1962,"Crime, Drama",351582,"1963-03-16","Robert Mulligan"
tt0070735,8,2021-10-12,"The Sting","The Sting",https://www.imdb.com/title/tt0070735,Movie,8.2,129,1973,"Drama, Crime, Comedy",303355,"1973-12-25","George Roy Hill"
tt10919420,8,2021-10-10,"Squid Game","Ojing-eo geim",https://www.imdb.com/title/tt10919420,TV Series,7.9,60,2021,"Mystery, Thriller, Drama, Action, Crime",767524,"2021-09-17",
tt6264654,7,2021-10-10,"Free Guy","Free Guy",https://www.imdb.com/title/tt6264654,Movie,7.1,115,2021,"Action, Comedy, Sci-Fi, Adventure, Fantasy, Romance",491954,"2021-08-13","Shawn Levy"
tt0072431,6,2021-08-22,"Young Frankenstein","Young Frankenstein",https://www.imdb.com/title/tt0072431,Movie,8.0,106,1974,"Comedy",180812,"1974-12-15","Mel Brooks"
tt9770150,7,2021-08-13,"Nomadland","Nomadland",https://www.imdb.com/title/tt9770150,Movie,7.3,107,2020,"Drama",220386,"2021-02-19","Chloé Zhao"
tt4761112,7,2021-07-31,"The Mauritanian","The Mauritanian",https://www.imdb.com/title/tt4761112,Movie,7.5,129,2021,"Thriller, Drama, Biography",72290,"2021-03-02","Kevin Macdonald"
tt7888964,7,2021-05-28,"Nobody","Nobody",https://www.imdb.com/title/tt7888964,Movie,7.4,92,2021,"Action, Crime, Thriller, Drama",397885,"2021-03-26","Ilya Naishuller"
tt1979376,7,2021-05-23,"Toy Story 4","Toy Story 4",https://www.imdb.com/title/tt1979376,Movie,7.6,100,2019,"Animation, Comedy, Fantasy, Family, Adventure",323219,"2019-06-21","Josh Cooley"
tt2872718,7,2021-05-23,"Nightcrawler","Nightcrawler",https://www.imdb.com/title/tt2872718,Movie,7.8,117,2014,"Crime, Thriller, Drama",674094,"2014-10-31","Dan Gilroy"
tt0780504,7,2021-05-23,"Drive","Drive",https://www.imdb.com/title/tt0780504,Movie,7.8,100,2011,"Drama, Action",767322,"2011-09-16","Nicolas Winding Refn"
tt6723592,8,2021-05-23,"Tenet","Tenet",https://www.imdb.com/title/tt6723592,Movie,7.3,150,2020,"Action, Sci-Fi, Thriller",690596,"2020-09-03","Christopher Nolan"
tt8579674,8,2021-05-18,"1917","1917",https://www.imdb.com/title/tt8579674,Movie,8.2,119,2019,"War, Drama",776636,"2020-01-10","Sam Mendes"
tt1632701,8,2021-04-17,"Suits","Suits",https://www.imdb.com/title/tt1632701,TV Series,8.4,45,2011,"Drama, Comedy",543652,"2011-06-23",
tt5834204,8,2021-04-17,"The Handmaid's Tale","The Handmaid's Tale",https://www.imdb.com/title/tt5834204,TV Series,8.3,60,2017,"Drama, Thriller, Sci-Fi",301558,"2017-04-26",
tt10426916,5,2021-04-17,"Simply Black","Tout simplement noir",https://www.imdb.com/title/tt10426916,Movie,6.4,90,2020,"Comedy",2802,"2020-07-08","John Wax,Jean-Pascal Zadi"
tt8111088,9,2021-04-17,"The Mandalorian","The Mandalorian",https://www.imdb.com/title/tt8111088,TV Series,8.6,40,2019,"Sci-Fi, Adventure, Fantasy, Action",660477,"2019-11-12",
tt10048342,8,2021-04-17,"The Queen's Gambit","The Queen's Gambit",https://www.imdb.com/title/tt10048342,TV Mini Series,8.5,60,2020,"Drama",669474,"2020-10-23",
tt10986410,8,2021-04-17,"Ted Lasso","Ted Lasso",https://www.imdb.com/title/tt10986410,TV Series,8.7,30,2020,"Comedy, Drama, Sport",449316,"2020-08-14",
tt2560140,8,2021-04-17,"Attack on Titan","Shingeki no kyojin",https://www.imdb.com/title/tt2560140,TV Series,9.1,24,2013,"Animation, Fantasy, Horror, Adventure, Drama, Action",729659,"2013-09-28",
tt2531336,7,2021-04-17,"Lupin","Lupin",https://www.imdb.com/title/tt2531336,TV Series,7.5,45,2021,"Crime, Drama, Mystery, Action, Thriller",159765,"2021-01-08",
tt0141842,10,2021-04-17,"The Sopranos","The Sopranos",https://www.imdb.com/title/tt0141842,TV Series,9.2,55,1999,"Crime, Drama",585904,"1999-01-10",
tt4063800,9,2021-04-17,"The Bureau","Le bureau des légendes",https://www.imdb.com/title/tt4063800,TV Series,8.7,50,2015,"Drama, Thriller",19391,"2016-12-14",
tt9684220,7,2021-03-30,"Bad Trip","Bad Trip",https://www.imdb.com/title/tt9684220,Movie,6.5,86,2021,"Comedy",29276,"2021-03-26","Kitao Sakurai"
tt0170705,7,2021-03-29,"Train of Life","Train de vie",https://www.imdb.com/title/tt0170705,Movie,7.6,103,1998,"War, Drama, Comedy",9952,"1998-09-16","Radu Mihaileanu"
tt2948372,8,2021-03-01,"Soul","Soul",https://www.imdb.com/title/tt2948372,Movie,8.0,100,2020,"Animation, Family, Adventure, Fantasy, Music, Comedy, Drama",452607,"2020-12-25","Pete Docter,Kemp Powers"
tt10407272,5,2020-12-25,"Someone, Somewhere","Deux moi",https://www.imdb.com/title/tt10407272,Movie,6.6,110,2019,"Drama, Comedy, Romance",6104,"2019-09-11","Cédric Klapisch"
tt2557490,8,2020-12-21,"A Million Ways to Die in the West","A Million Ways to Die in the West",https://www.imdb.com/title/tt2557490,Movie,6.1,116,2014,"Comedy, Western",211131,"2014-05-30","Seth MacFarlane"
tt1809398,7,2020-12-17,"Unbroken","Unbroken",https://www.imdb.com/title/tt1809398,Movie,7.2,137,2014,"War, Drama, Sport, Biography",199516,"2014-12-25","Angelina Jolie"
tt0215750,7,2020-10-04,"Enemy at the Gates","Enemy at the Gates",https://www.imdb.com/title/tt0215750,Movie,7.5,131,2001,"Action, Drama, War",294267,"2001-03-16","Jean-Jacques Annaud"
tt2398149,6,2020-10-04,"An Officer and a Spy","J'accuse",https://www.imdb.com/title/tt2398149,Movie,7.2,132,2019,"Drama, History, Thriller",23367,"2019-11-13","Roman Polanski"
tt8655470,7,2020-10-04,"The Specials","Hors normes",https://www.imdb.com/title/tt8655470,Movie,7.4,114,2019,"Comedy, Drama",12373,"2019-10-23","Olivier Nakache,Éric Toledano"
tt0332379,8,2020-09-11,"School of Rock","School of Rock",https://www.imdb.com/title/tt0332379,Movie,7.2,109,2003,"Music, Comedy",359684,"2003-10-03","Richard Linklater"
tt0053291,8,2020-08-30,"Some Like It Hot","Some Like It Hot",https://www.imdb.com/title/tt0053291,Movie,8.2,121,1959,"Romance, Music, Comedy",305533,"1959-03-19","Billy Wilder"
tt1399683,7,2020-08-13,"Winter's Bone","Winter's Bone",https://www.imdb.com/title/tt1399683,Movie,7.1,100,2010,"Drama, Mystery, Crime, Thriller",158259,"2010-07-16","Debra Granik"
tt7161856,7,2020-07-13,"Training 'John Wick'","Training 'John Wick'",https://www.imdb.com/title/tt7161856,Video,7.6,12,2017,"Documentary, Short",21165,"2017-06-13","Josh Oreck"
tt1821362,6,2020-07-13,"Case départ","Case départ",https://www.imdb.com/title/tt1821362,Movie,5.9,94,2011,"Comedy",3919,"2011-07-06","Lionel Steketee,Fabrice Eboué,Thomas Ngijol"
tt9172422,8,2020-07-13,"La belle époque","La Belle Époque",https://www.imdb.com/title/tt9172422,Movie,7.4,115,2019,"Comedy, Drama, Romance, Fantasy",21955,"2020-10-02","Nicolas Bedos"
tt1226837,6,2020-07-13,"Beautiful Boy","Beautiful Boy",https://www.imdb.com/title/tt1226837,Movie,7.4,120,2018,"Drama, Biography",130438,"2018-10-25","Felix van Groeningen"
tt6751668,8,2020-07-13,"Parasite","Gisaengchung",https://www.imdb.com/title/tt6751668,Movie,8.5,132,2019,"Drama, Thriller",1176135,"2019-11-08","Bong Joon Ho"
tt0401085,8,2020-06-07,"C.R.A.Z.Y.","C.R.A.Z.Y.",https://www.imdb.com/title/tt0401085,Movie,7.8,129,2005,"Drama, Comedy",35224,"2022-06-03","Jean-Marc Vallée"
tt8367814,8,2020-06-07,"The Gentlemen","The Gentlemen",https://www.imdb.com/title/tt8367814,Movie,7.8,113,2019,"Action, Crime, Comedy",460479,"2020-01-24","Guy Ritchie"
tt0018773,8,2020-06-03,"The Circus","The Circus",https://www.imdb.com/title/tt0018773,Movie,8.1,72,1928,"Romance, Family, Comedy",38710,"1928-01-29","Charles Chaplin"
tt1675192,7,2020-02-28,"Take Shelter","Take Shelter",https://www.imdb.com/title/tt1675192,Movie,7.3,120,2011,"Drama, Thriller",116042,"2011-11-10","Jeff Nichols"
tt8946378,8,2020-02-25,"Knives Out","Knives Out",https://www.imdb.com/title/tt8946378,Movie,7.9,130,2019,"Crime, Mystery, Thriller, Drama, Comedy",882867,"2019-11-27","Rian Johnson"
tt0097757,8,2020-02-15,"The Little Mermaid","The Little Mermaid",https://www.imdb.com/title/tt0097757,Movie,7.6,83,1989,"Animation, Musical, Fantasy, Adventure, Romance, Family",313416,"1989-11-17","Ron Clements,John Musker"
tt6320628,7,2020-02-15,"Spider-Man: Far from Home","Spider-Man: Far from Home",https://www.imdb.com/title/tt6320628,Movie,7.3,129,2019,"Action, Adventure, Sci-Fi, Comedy, Fantasy",645940,"2019-07-02","Jon Watts"
tt2584384,8,2020-02-15,"Jojo Rabbit","Jojo Rabbit",https://www.imdb.com/title/tt2584384,Movie,7.9,108,2019,"Comedy, War, Drama",490523,"2019-11-08","Taika Waititi"
tt5727208,7,2020-01-27,"Uncut Gems","Uncut Gems",https://www.imdb.com/title/tt5727208,Movie,7.4,135,2019,"Drama, Crime, Thriller",358697,"2019-12-25","Benny Safdie,Josh Safdie"
tt5687612,8,2020-01-22,"Fleabag","Fleabag",https://www.imdb.com/title/tt5687612,TV Series,8.7,30,2016,"Comedy, Drama",249071,"2016-09-16",
tt0121955,10,2020-01-13,"South Park","South Park",https://www.imdb.com/title/tt0121955,TV Series,8.7,22,1997,"Animation, Comedy",445615,"1997-08-13",
tt0073802,7,2020-01-13,"Three Days of the Condor","Three Days of the Condor",https://www.imdb.com/title/tt0073802,Movie,7.4,117,1975,"Mystery, Crime, Thriller",69493,"1975-09-25","Sydney Pollack"
tt0257044,8,2020-01-06,"Road to Perdition","Road to Perdition",https://www.imdb.com/title/tt0257044,Movie,7.6,117,2002,"Thriller, Crime, Drama",301392,"2002-07-12","Sam Mendes"
tt1950186,7,2020-01-06,"Ford v Ferrari","Ford v Ferrari",https://www.imdb.com/title/tt1950186,Movie,8.1,152,2019,"Action, Drama, Biography, Sport",577226,"2019-11-15","James Mangold"
tt2527338,6,2019-12-31,"Star Wars: Episode IX - The Rise of Skywalker","Star Wars: Episode IX - The Rise of Skywalker",https://www.imdb.com/title/tt2527338,Movie,6.3,141,2019,"Sci-Fi, Action, Adventure, Fantasy",545912,"2019-12-20","J.J. Abrams"
tt0033870,7,2019-12-26,"The Maltese Falcon","The Maltese Falcon",https://www.imdb.com/title/tt0033870,Movie,7.9,100,1941,"Drama, Crime, Romance, Mystery, Film-Noir",174670,"1941-10-18","John Huston"
tt7161846,7,2019-12-26,"Retro Wick: Exploring the Unexpected Success of 'John Wick'","Retro Wick: Exploring the Unexpected Success of 'John Wick'",https://www.imdb.com/title/tt7161846,Video,7.6,5,2017,"Documentary, Short",14506,"2017-06-13","Josh Oreck"
tt7653254,7,2019-12-26,"Marriage Story","Marriage Story",https://www.imdb.com/title/tt7653254,Movie,7.9,137,2019,"Drama, Romance",373184,"2019-12-06","Noah Baumbach"
tt0265666,7,2019-12-26,"The Royal Tenenbaums","The Royal Tenenbaums",https://www.imdb.com/title/tt0265666,Movie,7.6,110,2001,"Drama, Comedy",336472,"2002-01-04","Wes Anderson"
tt0099938,7,2019-12-26,"Kindergarten Cop","Kindergarten Cop",https://www.imdb.com/title/tt0099938,Movie,6.3,111,1990,"Crime, Action, Comedy",176574,"1990-12-21","Ivan Reitman"
tt4971344,7,2019-12-24,"The Sisters Brothers","The Sisters Brothers",https://www.imdb.com/title/tt4971344,Movie,6.9,122,2018,"Western, Drama",75641,"2018-10-19","Jacques Audiard"
tt1302006,9,2019-12-20,"The Irishman","The Irishman",https://www.imdb.com/title/tt1302006,Movie,7.8,209,2019,"Crime, Drama, Biography, History, Thriller",475219,"2019-11-27","Martin Scorsese"
tt0405094,7,2019-12-20,"The Lives of Others","Das Leben der Anderen",https://www.imdb.com/title/tt0405094,Movie,8.4,137,2006,"Drama, Thriller, Mystery",444686,"2007-03-30","Florian Henckel von Donnersmarck"
tt1130988,8,2019-12-18,"JCVD","JCVD",https://www.imdb.com/title/tt1130988,Movie,7.0,97,2008,"Drama, Crime, Comedy",41462,"2019-08-02","Mabrouk El Mechri"
tt0107362,8,2019-12-18,"Last Action Hero","Last Action Hero",https://www.imdb.com/title/tt0107362,Movie,6.5,130,1993,"Fantasy, Comedy, Adventure, Action",174017,"1993-06-18","John McTiernan"
tt0083658,5,2019-11-30,"Blade Runner","Blade Runner",https://www.imdb.com/title/tt0083658,Movie,8.1,117,1982,"Thriller, Action, Drama, Sci-Fi",884570,"1982-06-25","Ridley Scott"
tt7286456,8,2019-11-17,"Joker","Joker",https://www.imdb.com/title/tt7286456,Movie,8.3,122,2019,"Drama",1704968,"2019-10-04","Todd Phillips"
tt0064115,7,2019-11-16,"Butch Cassidy and the Sundance Kid","Butch Cassidy and the Sundance Kid",https://www.imdb.com/title/tt0064115,Movie,8.0,110,1969,"Biography, Crime, Drama, Adventure, Western",238779,"1969-09-24","George Roy Hill"
tt6266538,7,2019-11-16,"Vice","Vice",https://www.imdb.com/title/tt6266538,Movie,7.2,132,2018,"Biography, Drama, Comedy, History",175710,"2018-12-25","Adam McKay"
tt1817287,7,2019-09-21,"Is the Man Who Is Tall Happy?","Is the Man Who Is Tall Happy?: An Animated Conversation with Noam Chomsky",https://www.imdb.com/title/tt1817287,Movie,7.1,88,2013,"Animation, Documentary, Biography",3799,"2013-11-25","Michel Gondry"
tt5580390,7,2019-09-21,"The Shape of Water","The Shape of Water",https://www.imdb.com/title/tt5580390,Movie,7.3,123,2017,"Romance, Drama, Fantasy, Sci-Fi",477728,"2017-12-22","Guillermo del Toro"
tt3104988,7,2019-09-21,"Crazy Rich Asians","Crazy Rich Asians",https://www.imdb.com/title/tt3104988,Movie,6.9,120,2018,"Comedy, Romance, Drama",210119,"2018-08-15","Jon M. Chu"
tt0265086,8,2019-09-21,"Black Hawk Down","Black Hawk Down",https://www.imdb.com/title/tt0265086,Movie,7.7,144,2001,"Drama, Action, History, War",456569,"2002-01-18","Ridley Scott"
tt6343314,7,2019-09-21,"Creed II","Creed II",https://www.imdb.com/title/tt6343314,Movie,7.1,130,2018,"Drama, Sport, Action",171945,"2018-11-21","Steven Caple Jr."
tt6832138,6,2019-09-21,"Looking for Teddy","Le doudou",https://www.imdb.com/title/tt6832138,Movie,5.4,82,2018,"Comedy",924,"2018-06-20","Julien Hervé,Philippe Mechelen"
tt0490215,6,2019-09-21,"Silence","Silence",https://www.imdb.com/title/tt0490215,Movie,7.2,161,2016,"Drama, History",134956,"2017-01-13","Martin Scorsese"
tt7366338,8,2019-09-21,"Chernobyl","Chernobyl",https://www.imdb.com/title/tt7366338,TV Mini Series,9.3,60,2019,"Drama, History, Thriller",1048440,"2019-05-06",
tt1560139,7,2019-09-21,"Boy","Boy",https://www.imdb.com/title/tt1560139,Movie,7.5,87,2010,"Comedy, Drama",31706,"2010-03-25","Taika Waititi"
tt0083511,6,2019-09-21,"48 Hrs.","48 Hrs.",https://www.imdb.com/title/tt0083511,Movie,6.9,96,1982,"Crime, Drama, Thriller, Comedy, Action",93748,"1982-12-08","Walter Hill"
tt8079248,7,2019-09-14,"Yesterday","Yesterday",https://www.imdb.com/title/tt8079248,Movie,6.8,116,2019,"Comedy, Music, Fantasy, Romance",185717,"2019-06-28","Danny Boyle"
tt1213641,7,2019-09-09,"First Man","First Man",https://www.imdb.com/title/tt1213641,Movie,7.3,141,2018,"Drama, Biography, History",217860,"2018-10-12","Damien Chazelle"
tt0112641,8,2019-09-04,"Casino","Casino",https://www.imdb.com/title/tt0112641,Movie,8.2,178,1995,"Crime, Drama",622857,"1995-11-22","Martin Scorsese"
tt7131622,6,2019-09-01,"Once Upon a Time in... Hollywood","Once Upon a Time in... Hollywood",https://www.imdb.com/title/tt7131622,Movie,7.6,161,2019,"Drama, Comedy",968375,"2019-07-26","Quentin Tarantino"
tt3896198,7,2019-08-28,"Guardians of the Galaxy: Vol. 2","Guardians of the Galaxy Vol. 2",https://www.imdb.com/title/tt3896198,Movie,7.6,136,2017,"Action, Sci-Fi, Adventure, Comedy, Fantasy, Music",834089,"2017-05-05","James Gunn"
tt3498820,7,2019-08-28,"Captain America: Civil War","Captain America: Civil War",https://www.imdb.com/title/tt3498820,Movie,7.8,147,2016,"Action, Sci-Fi",933381,"2016-05-06","Anthony Russo,Joe Russo"
tt4154796,7,2019-08-28,"Avengers: Endgame","Avengers: Endgame",https://www.imdb.com/title/tt4154796,Movie,8.4,181,2019,"Action, Sci-Fi, Adventure",1458580,"2019-04-26","Anthony Russo,Joe Russo"
tt0053125,8,2019-07-31,"North by Northwest","North by Northwest",https://www.imdb.com/title/tt0053125,Movie,8.3,136,1959,"Mystery, Adventure, Drama, Thriller",369684,"1959-12-18","Alfred Hitchcock"
tt0041959,7,2019-07-30,"The Third Man","The Third Man",https://www.imdb.com/title/tt0041959,Movie,8.1,104,1949,"Film-Noir, Drama, Thriller, Mystery",196262,"1950-02-01","Carol Reed"
tt0051201,7,2019-07-30,"Witness for the Prosecution","Witness for the Prosecution",https://www.imdb.com/title/tt0051201,Movie,8.4,116,1957,"Crime, Thriller, Drama, Mystery",162973,"1958-02-06","Billy Wilder"
tt0246578,7,2019-07-28,"Donnie Darko","Donnie Darko",https://www.imdb.com/title/tt0246578,Movie,8.0,113,2001,"Sci-Fi, Thriller, Mystery, Drama",914496,"2001-01-19","Richard Kelly"
tt0012349,8,2019-07-28,"The Kid","The Kid",https://www.imdb.com/title/tt0012349,Movie,8.2,68,1921,"Family, Drama, Comedy",146179,"1921-02-06","Charles Chaplin"
tt0062622,5,2019-07-28,"2001: A Space Odyssey","2001: A Space Odyssey",https://www.imdb.com/title/tt0062622,Movie,8.3,149,1968,"Adventure, Sci-Fi",786548,"1968-05-12","Stanley Kubrick"
tt1440232,7,2019-07-28,"Little White Lies","Les petits mouchoirs",https://www.imdb.com/title/tt1440232,Movie,7.1,154,2010,"Comedy, Drama",28430,"2010-10-20","Guillaume Canet"
tt7161902,7,2019-07-28,"John Wick: Car Fu Ride-Along","John Wick: Car Fu Ride-Along",https://www.imdb.com/title/tt7161902,Video,8.0,5,2017,"Documentary, Short",2286,"2017-06-13","Josh Oreck"
tt3416742,7,2019-07-28,"What We Do in the Shadows","What We Do in the Shadows",https://www.imdb.com/title/tt3416742,Movie,7.6,86,2014,"Comedy, Horror",214535,"2015-02-13","Jemaine Clement,Taika Waititi"
tt0053604,8,2019-07-28,"The Apartment","The Apartment",https://www.imdb.com/title/tt0053604,Movie,8.3,125,1960,"Romance, Drama, Comedy",220868,"1960-06-29","Billy Wilder"
tt0362270,7,2019-07-24,"The Life Aquatic with Steve Zissou","The Life Aquatic with Steve Zissou",https://www.imdb.com/title/tt0362270,Movie,7.2,119,2004,"Comedy, Adventure, Drama, Action, Romance",221567,"2004-12-25","Wes Anderson"
tt3766354,6,2019-07-24,"The Equalizer 2","The Equalizer 2",https://www.imdb.com/title/tt3766354,Movie,6.7,121,2018,"Action, Crime, Thriller, Mystery",230940,"2018-07-20","Antoine Fuqua"
tt5278698,7,2019-07-24,"John Wick: The Assassin's Code","John Wick: The Assassin's Code",https://www.imdb.com/title/tt5278698,Short,8.4,5,2015,"Documentary, Short",4316,"2015-02-03","Josh Oreck"
tt7161942,7,2019-07-24,"John Wick: Kill Count","John Wick: Kill Count",https://www.imdb.com/title/tt7161942,Video,8.0,3,2017,"Documentary, Short",5304,"2017-06-13","Josh Oreck"
tt0064276,6,2019-07-24,"Easy Rider","Easy Rider",https://www.imdb.com/title/tt0064276,Movie,7.2,95,1969,"Adventure, Drama",122901,"1969-06-26","Dennis Hopper"
tt0043014,7,2019-07-24,"Sunset Boulevard","Sunset Blvd.",https://www.imdb.com/title/tt0043014,Movie,8.4,110,1950,"Drama, Film-Noir",262196,"1950-08-04","Billy Wilder"
tt0052618,7,2019-07-22,"Ben-Hur","Ben-Hur",https://www.imdb.com/title/tt0052618,Movie,8.1,212,1959,"Drama, Adventure",271819,"1959-11-18","William Wyler"
tt0046912,7,2019-07-22,"Dial M for Murder","Dial M for Murder",https://www.imdb.com/title/tt0046912,Movie,8.1,105,1954,"Crime, Mystery, Drama, Thriller",205615,"1954-05-29","Alfred Hitchcock"
tt6518270,2,2019-07-21,"An Evening with Beverly Luff Linn","An Evening with Beverly Luff Linn",https://www.imdb.com/title/tt6518270,Movie,5.8,108,2018,"Comedy, Crime",7234,"2018-10-19","Jim Hosking"
tt0038650,8,2019-07-20,"It's a Wonderful Life","It's a Wonderful Life",https://www.imdb.com/title/tt0038650,Movie,8.6,130,1946,"Family, Fantasy, Romance, Drama",555708,"1947-01-07","Frank Capra"
tt2139881,7,2019-07-18,"Long Shot","Long Shot",https://www.imdb.com/title/tt2139881,Movie,6.8,125,2019,"Comedy, Romance",129025,"2019-05-03","Jonathan Levine"
tt3013602,6,2019-07-16,"Babysitting","Babysitting",https://www.imdb.com/title/tt3013602,Movie,6.8,85,2014,"Comedy",13701,"2014-04-16","Nicolas Benamou,Philippe Lacheau"
tt1280558,7,2019-07-06,"A Wednesday","A Wednesday",https://www.imdb.com/title/tt1280558,Movie,8.1,104,2008,"Drama, Thriller, Crime, Mystery, Action",86261,"2008-09-05","Neeraj Pandey"
tt0266308,7,2019-07-05,"Battle Royale","Batoru rowaiaru",https://www.imdb.com/title/tt0266308,Movie,7.5,114,2000,"Thriller, Drama, Action",207966,"2000-12-16","Kinji Fukasaku"
tt4926538,6,2019-06-28,"The Tuche Family: The American Dream","Les Tuche 2: Le rêve américain",https://www.imdb.com/title/tt4926538,Movie,5.0,94,2016,"Comedy",2374,"2016-02-03","Olivier Baroux"
tt0412535,6,2019-06-28,"The Brice Man","Brice de Nice",https://www.imdb.com/title/tt0412535,Movie,5.2,98,2005,"Comedy",8466,"2005-04-06","James Huth"
tt0121766,7,2019-06-28,"Star Wars: Episode III - Revenge of the Sith","Star Wars: Episode III - Revenge of the Sith",https://www.imdb.com/title/tt0121766,Movie,7.7,140,2005,"Fantasy, Adventure, Sci-Fi, Action",927283,"2005-05-19","George Lucas"
tt1409024,7,2019-06-28,"Men in Black 3","Men in Black³",https://www.imdb.com/title/tt1409024,Movie,6.8,106,2012,"Action, Comedy, Sci-Fi, Adventure",413429,"2012-05-25","Barry Sonnenfeld"
tt7161870,7,2019-06-28,"John Wick Chapter 2: Wick-vizzed","John Wick Chapter 2: Wick-vizzed",https://www.imdb.com/title/tt7161870,Video,7.8,5,2017,"Documentary, Short",16210,"2017-06-13","Josh Oreck"
tt0838221,7,2019-06-28,"The Darjeeling Limited","The Darjeeling Limited",https://www.imdb.com/title/tt0838221,Movie,7.2,91,2007,"Adventure, Drama, Comedy",236382,"2007-10-26","Wes Anderson"
tt0800369,6,2019-06-23,"Thor","Thor",https://www.imdb.com/title/tt0800369,Movie,7.0,115,2011,"Action, Fantasy",970769,"2011-05-06","Kenneth Branagh"
tt3501632,7,2019-06-23,"Thor: Ragnarok","Thor: Ragnarok",https://www.imdb.com/title/tt3501632,Movie,7.9,130,2017,"Action, Sci-Fi, Adventure, Comedy, Fantasy",900247,"2017-11-03","Taika Waititi"
tt4633694,7,2019-06-16,"Spider-Man: Into the Spider-Verse","Spider-Man: Into the Spider-Verse",https://www.imdb.com/title/tt4633694,Movie,8.4,117,2018,"Animation, Action, Sci-Fi, Adventure, Family, Fantasy",797996,"2018-12-14","Bob Persichetti,Peter Ramsey,Rodney Rothman"
tt0103064,9,2019-06-16,"Terminator 2: Judgment Day","Terminator 2: Judgment Day",https://www.imdb.com/title/tt0103064,Movie,8.6,137,1991,"Adventure, Sci-Fi, Action",1289342,"1991-07-03","James Cameron"
tt0054215,7,2019-06-16,"Psycho","Psycho",https://www.imdb.com/title/tt0054215,Movie,8.5,109,1960,"Mystery, Thriller, Horror, Drama",788716,"1960-09-08","Alfred Hitchcock"
tt0458352,6,2019-06-16,"The Devil Wears Prada","The Devil Wears Prada",https://www.imdb.com/title/tt0458352,Movie,7.0,109,2006,"Drama, Comedy",560447,"2006-06-30","David Frankel"
tt0120363,7,2019-06-10,"Toy Story 2","Toy Story 2",https://www.imdb.com/title/tt0120363,Movie,7.9,92,1999,"Animation, Adventure, Comedy, Family, Fantasy",677135,"1999-11-24","John Lasseter,Ash Brannon,Lee Unkrich"
tt1793931,7,2019-06-03,"The Tuche Family","Les Tuche",https://www.imdb.com/title/tt1793931,Movie,5.5,95,2011,"Comedy",4745,"2011-07-01","Olivier Baroux"
tt0259060,9,2019-06-03,"Don't Die Too Hard!","La tour Montparnasse infernale",https://www.imdb.com/title/tt0259060,Movie,5.8,92,2001,"Comedy",6455,"2001-03-28","Charles Nemes"
tt3778644,7,2019-06-03,"Solo: A Star Wars Story","Solo: A Star Wars Story",https://www.imdb.com/title/tt3778644,Movie,6.9,135,2018,"Sci-Fi, Action, Adventure",411885,"2018-05-25","Ron Howard"
tt0249462,7,2019-06-03,"Billy Elliot","Billy Elliot",https://www.imdb.com/title/tt0249462,Movie,7.7,110,2000,"Music, Drama",152842,"2000-11-10","Stephen Daldry"
tt0121765,7,2019-06-03,"Star Wars: Episode II - Attack of the Clones","Star Wars: Episode II - Attack of the Clones",https://www.imdb.com/title/tt0121765,Movie,6.6,142,2002,"Fantasy, Sci-Fi, Adventure, Action",825545,"2002-05-16","George Lucas"
tt1790885,7,2019-06-03,"Zero Dark Thirty","Zero Dark Thirty",https://www.imdb.com/title/tt1790885,Movie,7.4,157,2012,"Thriller, Drama, History",342503,"2013-01-11","Kathryn Bigelow"
tt4540710,7,2019-06-03,"Miss Sloane","Miss Sloane",https://www.imdb.com/title/tt4540710,Movie,7.5,132,2016,"Drama",89180,"2016-12-09","John Madden"
tt4196776,6,2019-05-31,"Jason Bourne","Jason Bourne",https://www.imdb.com/title/tt4196776,Movie,6.6,123,2016,"Action, Thriller",258480,"2016-07-29","Paul Greengrass"
tt4881806,6,2019-05-31,"Jurassic World: Fallen Kingdom","Jurassic World: Fallen Kingdom",https://www.imdb.com/title/tt4881806,Movie,6.2,128,2018,"Action, Adventure, Sci-Fi",383679,"2018-06-22","J.A. Bayona"
tt0120915,7,2019-05-31,"Star Wars: Episode I - The Phantom Menace","Star Wars: Episode I - The Phantom Menace",https://www.imdb.com/title/tt0120915,Movie,6.5,136,1999,"Fantasy, Sci-Fi, Adventure, Action",932096,"1999-05-19","George Lucas"
tt2527336,7,2019-05-31,"Star Wars: Episode VIII - The Last Jedi","Star Wars: Episode VIII - The Last Jedi",https://www.imdb.com/title/tt2527336,Movie,6.8,152,2017,"Sci-Fi, Action, Adventure, Fantasy",722175,"2017-12-15","Rian Johnson"
tt0373469,7,2019-05-21,"Kiss Kiss Bang Bang","Kiss Kiss Bang Bang",https://www.imdb.com/title/tt0373469,Movie,7.4,103,2005,"Comedy, Mystery, Crime, Thriller",250297,"2005-11-11","Shane Black"
tt0386695,7,2019-05-21,"Les 11 commandements","Les 11 commandements",https://www.imdb.com/title/tt0386695,Movie,4.7,85,2004,"Comedy",2768,"2004-02-04","François Desagnat,Thomas Sorriaux,Steven Ada"
tt4912910,8,2019-05-21,"Mission: Impossible - Fallout","Mission: Impossible - Fallout",https://www.imdb.com/title/tt4912910,Movie,7.7,147,2018,"Action, Adventure, Thriller",421725,"2018-07-27","Christopher McQuarrie"
tt2798920,6,2019-05-21,"Annihilation","Annihilation",https://www.imdb.com/title/tt2798920,Movie,6.8,115,2018,"Sci-Fi, Thriller, Drama, Mystery, Adventure, Horror",395846,"2018-02-23","Alex Garland"
tt5052474,7,2019-05-21,"Sicario: Day of the Soldado","Sicario: Day of the Soldado",https://www.imdb.com/title/tt5052474,Movie,7.1,122,2018,"Action, Crime, Drama, Thriller, Mystery",192906,"2018-06-29","Stefano Sollima"
tt6499752,8,2019-05-21,"Upgrade","Upgrade",https://www.imdb.com/title/tt6499752,Movie,7.5,100,2018,"Sci-Fi, Thriller, Action",235695,"2018-06-01","Leigh Whannell"
tt4425200,7,2019-05-19,"John Wick: Chapter 2","John Wick: Chapter 2",https://www.imdb.com/title/tt4425200,Movie,7.4,122,2017,"Action, Thriller, Crime",573640,"2017-02-10","Chad Stahelski"
tt0482088,7,2019-05-19,"Priceless","Hors de prix",https://www.imdb.com/title/tt0482088,Movie,7.0,106,2006,"Comedy, Romance",34358,"2008-04-11","Pierre Salvadori"
tt0117500,7,2019-05-19,"The Rock","The Rock",https://www.imdb.com/title/tt0117500,Movie,7.4,136,1996,"Adventure, Thriller, Action",382197,"1996-06-07","Michael Bay"
tt2911666,7,2019-05-19,"John Wick","John Wick",https://www.imdb.com/title/tt2911666,Movie,7.5,101,2014,"Action, Thriller, Crime",832976,"2014-10-24","Chad Stahelski"
tt1473357,8,2019-05-19,"Fatal","Fatal",https://www.imdb.com/title/tt1473357,Movie,5.9,106,2010,"Comedy, Music",2922,"2010-06-16","Michaël Youn"
tt2442560,7,2019-05-19,"Peaky Blinders","Peaky Blinders",https://www.imdb.com/title/tt2442560,TV Series,8.7,60,2013,"Drama, Crime",783070,"2014-09-30",
tt8220344,6,2019-05-19,"When Heroes Fly","When Heroes Fly",https://www.imdb.com/title/tt8220344,TV Series,7.1,45,2018,"Action, Drama",4054,"2018-05-13",
tt5142004,8,2019-05-19,"Class of '92: Out of Their League","Class of '92: Out of Their League",https://www.imdb.com/title/tt5142004,TV Series,8.1,,2015,"Documentary, Reality-TV, Sport",1022,"2015-10-29",
tt4857264,8,2019-05-17,"The Invisible Guest","Contratiempo",https://www.imdb.com/title/tt4857264,Movie,8.0,106,2016,"Thriller, Crime, Mystery, Drama",214759,"2017-01-06","Oriol Paulo"
tt8201404,6,2019-05-04,"Little White Lies 2","Nous finirons ensemble",https://www.imdb.com/title/tt8201404,Movie,6.5,134,2019,"Comedy, Drama, Family, Romance",4818,"2019-05-01","Guillaume Canet"
tt0071315,8,2019-04-01,"Chinatown","Chinatown",https://www.imdb.com/title/tt0071315,Movie,8.1,130,1974,"Drama, Thriller, Mystery",377636,"1974-06-20","Roman Polanski"
tt0468489,6,2019-03-29,"Half Nelson","Half Nelson",https://www.imdb.com/title/tt0468489,Movie,7.1,106,2006,"Drama",96191,"2006-09-22","Ryan Fleck"
tt1517451,8,2019-03-20,"A Star Is Born","A Star Is Born",https://www.imdb.com/title/tt1517451,Movie,7.6,136,2018,"Drama, Romance, Music",450487,"2018-10-05","Bradley Cooper"
tt7401588,7,2019-03-20,"Instant Family","Instant Family",https://www.imdb.com/title/tt7401588,Movie,7.3,118,2018,"Comedy, Drama",136532,"2018-11-16","Sean Anders"
tt0097239,6,2019-03-20,"Driving Miss Daisy","Driving Miss Daisy",https://www.imdb.com/title/tt0097239,Movie,7.3,99,1989,"Comedy, Drama",123893,"1990-01-26","Bruce Beresford"
tt0093058,8,2019-03-18,"Full Metal Jacket","Full Metal Jacket",https://www.imdb.com/title/tt0093058,Movie,8.2,116,1987,"Drama, War",853513,"1987-07-10","Stanley Kubrick"
tt2582782,7,2019-03-10,"Hell or High Water","Hell or High Water",https://www.imdb.com/title/tt2582782,Movie,7.6,102,2016,"Crime, Drama, Thriller, Western",279342,"2016-08-26","David Mackenzie"
tt6966692,8,2019-03-09,"Green Book","Green Book",https://www.imdb.com/title/tt6966692,Movie,8.2,130,2018,"Drama, Biography, Comedy, Music",693188,"2018-11-16","Peter Farrelly"
tt1727824,8,2019-03-03,"Bohemian Rhapsody","Bohemian Rhapsody",https://www.imdb.com/title/tt1727824,Movie,7.9,134,2018,"Biography, Drama, Music",650132,"2018-11-02","Bryan Singer"
tt0119164,7,2019-03-03,"The Full Monty","The Full Monty",https://www.imdb.com/title/tt0119164,Movie,7.2,91,1997,"Drama, Comedy",120250,"1997-09-19","Peter Cattaneo"
tt7476116,7,2019-03-03,"Sink or Swim","Le grand bain",https://www.imdb.com/title/tt7476116,Movie,6.9,121,2018,"Comedy, Drama, Sport",13208,"2019-09-27","Gilles Lellouche"
tt0086190,9,2019-02-20,"Star Wars: Episode VI - Return of the Jedi","Star Wars: Episode VI - Return of the Jedi",https://www.imdb.com/title/tt0086190,Movie,8.3,131,1983,"Action, Sci-Fi, Adventure, Fantasy",1214982,"1983-05-25","Richard Marquand"
tt0080684,9,2019-02-20,"Star Wars: Episode V - The Empire Strikes Back","Star Wars: Episode V - The Empire Strikes Back",https://www.imdb.com/title/tt0080684,Movie,8.7,124,1980,"Fantasy, Sci-Fi, Adventure",1511512,"1980-06-18","Irvin Kershner"
tt0096754,7,2019-02-20,"The Abyss","The Abyss",https://www.imdb.com/title/tt0096754,Movie,7.5,140,1989,"Drama, Mystery, Sci-Fi, Thriller, Adventure",209363,"1989-08-09","James Cameron"
tt4698684,7,2019-02-05,"Hunt for the Wilderpeople","Hunt for the Wilderpeople",https://www.imdb.com/title/tt4698684,Movie,7.8,101,2016,"Comedy, Drama, Adventure",153866,"2016-07-01","Taika Waititi"
tt7668870,8,2019-02-04,"Searching","Searching",https://www.imdb.com/title/tt7668870,Movie,7.6,102,2018,"Thriller, Drama, Mystery",193566,"2018-08-31","Aneesh Chaganty"
tt4277922,8,2019-01-17,"Call My Agent!","Dix pour cent",https://www.imdb.com/title/tt4277922,TV Series,8.3,52,2015,"Comedy, Drama",18786,"2016-12-20",
tt7493974,8,2019-01-17,"Bodyguard","Bodyguard",https://www.imdb.com/title/tt7493974,TV Mini Series,8.0,60,2018,"Thriller, Crime, Drama, Mystery",171506,"2018-10-24",
tt0116996,7,2019-01-08,"Mars Attacks!","Mars Attacks!",https://www.imdb.com/title/tt0116996,Movie,6.4,106,1996,"Sci-Fi, Comedy",259515,"1996-12-13","Tim Burton"
tt2704998,7,2019-01-08,"Game Night","Game Night",https://www.imdb.com/title/tt2704998,Movie,6.9,100,2018,"Comedy, Crime, Action, Thriller, Adventure, Mystery",281076,"2018-02-23","John Francis Daley,Jonathan Goldstein"
tt4998350,9,2018-12-26,"The Deuce","The Deuce",https://www.imdb.com/title/tt4998350,TV Series,8.1,60,2017,"Drama, Crime, Mystery",35664,"2017-08-25",
tt2338151,6,2018-12-03,"PK","PK",https://www.imdb.com/title/tt2338151,Movie,8.1,153,2014,"Musical, Comedy, Sci-Fi, Drama",224245,"2014-12-19","Rajkumar Hirani"
tt0098904,10,2018-12-03,"Seinfeld","Seinfeld",https://www.imdb.com/title/tt0098904,TV Series,8.9,22,1989,"Comedy",386210,"1989-07-05",
tt0076759,8,2018-12-03,"Star Wars: Episode IV - A New Hope","Star Wars",https://www.imdb.com/title/tt0076759,Movie,8.6,121,1977,"Action, Sci-Fi, Adventure, Fantasy",1576831,"1977-05-25","George Lucas"
tt0168629,8,2018-12-03,"Dancer in the Dark","Dancer in the Dark",https://www.imdb.com/title/tt0168629,Movie,7.9,135,2000,"Musical, Crime, Drama",124496,"2000-10-06","Lars von Trier"
tt0311113,6,2018-11-29,"Master and Commander: The Far Side of the World","Master and Commander: The Far Side of the World",https://www.imdb.com/title/tt0311113,Movie,7.5,138,2003,"War, Drama, Adventure, Action",257380,"2003-11-14","Peter Weir"
tt6412452,8,2018-11-19,"The Ballad of Buster Scruggs","The Ballad of Buster Scruggs",https://www.imdb.com/title/tt6412452,Movie,7.2,133,2018,"Musical, Western, Comedy, Drama, Mystery",185431,"2018-11-09","Ethan Coen,Joel Coen"
tt5478478,7,2018-11-19,"Hostiles","Hostiles",https://www.imdb.com/title/tt5478478,Movie,7.2,134,2017,"Drama, Western",107953,"2018-01-26","Scott Cooper"
tt0374900,6,2018-11-12,"Napoleon Dynamite","Napoleon Dynamite",https://www.imdb.com/title/tt0374900,Movie,7.0,96,2004,"Comedy",257573,"2004-08-27","Jared Hess"
tt0106489,7,2018-11-04,"A Bronx Tale","A Bronx Tale",https://www.imdb.com/title/tt0106489,Movie,7.8,121,1993,"Crime, Drama",187195,"1993-10-01","Robert De Niro"
tt5095030,7,2018-10-29,"Ant-Man and the Wasp","Ant-Man and the Wasp",https://www.imdb.com/title/tt5095030,Movie,7.0,118,2018,"Action, Adventure, Sci-Fi, Comedy",498570,"2018-07-06","Peyton Reed"
tt5027774,8,2018-10-29,"Three Billboards Outside Ebbing, Missouri","Three Billboards Outside Ebbing, Missouri",https://www.imdb.com/title/tt5027774,Movie,8.1,115,2017,"Crime, Drama, Comedy",610866,"2017-12-01","Martin McDonagh"
tt6644200,5,2018-10-23,"A Quiet Place","A Quiet Place",https://www.imdb.com/title/tt6644200,Movie,7.5,90,2018,"Drama, Horror, Sci-Fi",662916,"2018-04-06","John Krasinski"
tt2396589,7,2018-10-17,"Mudbound","Mudbound",https://www.imdb.com/title/tt2396589,Movie,7.4,134,2017,"Drama, War",57766,"2017-11-17","Dee Rees"
tt0488120,7,2018-10-17,"Fracture","Fracture",https://www.imdb.com/title/tt0488120,Movie,7.2,113,2007,"Crime, Drama, Thriller",237103,"2007-04-20","Gregory Hoblit"
tt5968274,6,2018-10-17,"The Angel","The Angel",https://www.imdb.com/title/tt5968274,Movie,6.7,114,2018,"Drama, Thriller, Biography, Action",16687,"2018-09-14","Ariel Vromen"
tt0095631,7,2018-10-15,"Midnight Run","Midnight Run",https://www.imdb.com/title/tt0095631,Movie,7.5,126,1988,"Thriller, Crime, Comedy, Action",104322,"1988-07-20","Martin Brest"
tt5104604,8,2018-09-27,"Isle of Dogs","Isle of Dogs",https://www.imdb.com/title/tt5104604,Movie,7.8,101,2018,"Animation, Comedy, Adventure, Drama, Sci-Fi, Fantasy",212676,"2018-04-13","Wes Anderson"
tt1120985,4,2018-09-25,"Blue Valentine","Blue Valentine",https://www.imdb.com/title/tt1120985,Movie,7.3,112,2010,"Romance, Drama",226909,"2011-01-28","Derek Cianfrance"
tt5788792,9,2018-09-22,"The Marvelous Mrs. Maisel","The Marvelous Mrs. Maisel",https://www.imdb.com/title/tt5788792,TV Series,8.6,60,2017,"Comedy, Drama",159089,"2017-03-17",
tt1677720,8,2018-09-10,"Ready Player One","Ready Player One",https://www.imdb.com/title/tt1677720,Movie,7.4,140,2018,"Sci-Fi, Action, Adventure",545937,"2018-03-29","Steven Spielberg"
tt1825683,7,2018-09-10,"Black Panther","Black Panther",https://www.imdb.com/title/tt1825683,Movie,7.3,134,2018,"Action, Adventure, Sci-Fi",914482,"2018-02-16","Ryan Coogler"
tt5463162,7,2018-09-10,"Deadpool 2","Deadpool 2",https://www.imdb.com/title/tt5463162,Movie,7.6,119,2018,"Action, Adventure, Comedy, Sci-Fi",748976,"2018-05-18","David Leitch"
tt6468322,9,2018-09-06,"Money Heist","La casa de papel",https://www.imdb.com/title/tt6468322,TV Series,8.2,60,2017,"Thriller, Crime, Mystery, Action, Drama",612387,"2017-05-02",
tt4154756,7,2018-09-03,"Avengers: Infinity War","Avengers: Infinity War",https://www.imdb.com/title/tt4154756,Movie,8.4,149,2018,"Action, Sci-Fi, Adventure",1383197,"2018-04-27","Anthony Russo,Joe Russo"
tt2119532,7,2018-09-03,"Hacksaw Ridge","Hacksaw Ridge",https://www.imdb.com/title/tt2119532,Movie,8.1,139,2016,"Drama, War, History, Biography",686926,"2016-11-04","Mel Gibson"
tt0033467,7,2018-09-03,"Citizen Kane","Citizen Kane",https://www.imdb.com/title/tt0033467,Movie,8.2,119,1941,"Drama, Mystery",494197,"1941-09-05","Orson Welles"
tt7252000,8,2018-07-22,"Maktub","Maktub",https://www.imdb.com/title/tt7252000,Movie,7.2,100,2017,"Comedy, Drama",2629,"2017-10-05","Oded Raz"
tt4209788,8,2018-07-18,"Molly's Game","Molly's Game",https://www.imdb.com/title/tt4209788,Movie,7.4,140,2017,"Drama, Biography, Crime",204647,"2018-01-05","Aaron Sorkin"
tt4565380,8,2018-05-22,"Fauda","Fauda",https://www.imdb.com/title/tt4565380,TV Series,8.3,60,2015,"Drama, Action, Thriller, Crime, War",43425,"2015-02-15",
tt2401256,7,2018-05-22,"The Night Of","The Night Of",https://www.imdb.com/title/tt2401256,TV Mini Series,8.4,60,2016,"Crime, Drama, Mystery",196832,"2016-06-24",
tt3553976,8,2018-04-13,"Captain Fantastic","Captain Fantastic",https://www.imdb.com/title/tt3553976,Movie,7.8,118,2016,"Drama, Comedy, Adventure",251732,"2016-07-29","Matt Ross"
tt2250912,7,2018-03-10,"Spider-Man: Homecoming","Spider-Man: Homecoming",https://www.imdb.com/title/tt2250912,Movie,7.4,133,2017,"Action, Sci-Fi, Adventure",804766,"2017-07-07","Jon Watts"
tt0451279,6,2018-03-10,"Wonder Woman","Wonder Woman",https://www.imdb.com/title/tt0451279,Movie,7.3,141,2017,"Action, Adventure, Fantasy, Sci-Fi, War",737651,"2017-06-02","Patty Jenkins"
tt3748528,7,2018-03-10,"Rogue One: A Star Wars Story","Rogue One",https://www.imdb.com/title/tt3748528,Movie,7.8,133,2016,"Action, Adventure, Sci-Fi",760276,"2016-12-16","Gareth Edwards"
tt0475784,8,2018-03-10,"Westworld","Westworld",https://www.imdb.com/title/tt0475784,TV Series,8.4,60,2016,"Sci-Fi, Drama, Mystery",559078,"2016-10-02",
tt1211837,7,2018-03-10,"Doctor Strange","Doctor Strange",https://www.imdb.com/title/tt1211837,Movie,7.5,115,2016,"Fantasy, Adventure, Action, Sci-Fi",884966,"2016-11-04","Scott Derrickson"
tt5699154,7,2018-03-05,"C'est la vie!","Le sens de la fête",https://www.imdb.com/title/tt5699154,Movie,6.9,117,2017,"Comedy, Drama, Romance",13790,"2017-10-04","Olivier Nakache,Éric Toledano"
tt4649466,7,2018-02-26,"Kingsman: The Golden Circle","Kingsman: The Golden Circle",https://www.imdb.com/title/tt4649466,Movie,6.7,141,2017,"Action, Adventure, Comedy, Crime, Thriller",403272,"2017-09-22","Matthew Vaughn"
tt6095616,7,2018-02-24,"Mr & Mme Adelman","Mr & Mme Adelman",https://www.imdb.com/title/tt6095616,Movie,7.3,120,2017,"Comedy, Romance, Drama",6254,"2017-03-08","Nicolas Bedos"
tt0986264,8,2018-02-23,"Like Stars on Earth","Taare Zameen Par",https://www.imdb.com/title/tt0986264,Movie,8.3,162,2007,"Drama, Family",233964,"2007-12-21","Aamir Khan"
tt5052448,7,2018-02-21,"Get Out","Get Out",https://www.imdb.com/title/tt5052448,Movie,7.8,104,2017,"Horror, Mystery, Thriller",825702,"2017-02-24","Jordan Peele"
tt2380307,8,2018-02-11,"Coco","Coco",https://www.imdb.com/title/tt2380307,Movie,8.4,105,2017,"Animation, Family, Adventure, Fantasy, Mystery, Music, Drama",715087,"2017-11-22","Lee Unkrich,Adrian Molina"
tt3890160,7,2017-11-22,"Baby Driver","Baby Driver",https://www.imdb.com/title/tt3890160,Movie,7.5,113,2017,"Action, Music, Crime, Drama",688625,"2017-06-28","Edgar Wright"
tt2699128,7,2017-11-22,"The Leftovers","The Leftovers",https://www.imdb.com/title/tt2699128,TV Series,8.3,60,2014,"Drama, Fantasy, Mystery, Thriller",132279,"2014-06-29",
tt5013056,8,2017-07-29,"Dunkirk","Dunkirk",https://www.imdb.com/title/tt5013056,Movie,7.8,106,2017,"War, Drama, Action, History, Thriller",811593,"2017-07-21","Christopher Nolan"
tt4730986,7,2017-07-22,"Divines","Divines",https://www.imdb.com/title/tt4730986,Movie,7.3,105,2016,"Drama, Crime",11068,"2016-11-18","Houda Benyamina"
tt4276820,7,2017-07-01,"The Founder","The Founder",https://www.imdb.com/title/tt4276820,Movie,7.2,115,2016,"Biography, Drama",206726,"2017-01-20","John Lee Hancock"
tt3315342,6,2017-05-28,"Logan","Logan",https://www.imdb.com/title/tt3315342,Movie,8.1,137,2017,"Action, Sci-Fi, Drama, Thriller",930913,"2017-03-03","James Mangold"
tt2707408,9,2017-05-04,"Narcos","Narcos",https://www.imdb.com/title/tt2707408,TV Series,8.7,50,2015,"Crime, Drama, Biography, Thriller",531258,"2015-08-28",
tt1663202,10,2017-04-13,"The Revenant","The Revenant",https://www.imdb.com/title/tt1663202,Movie,8.0,156,2015,"Action, Drama, Western",954147,"2016-01-08","Alejandro G. Iñárritu"
tt3966404,7,2017-03-28,"Mustang","Mustang",https://www.imdb.com/title/tt3966404,Movie,7.6,97,2015,"Drama",43197,"2015-06-17","Deniz Gamze Ergüven"
tt5324800,1,2017-03-28,"The Jews","Ils sont partout",https://www.imdb.com/title/tt5324800,Movie,5.5,111,2016,"Comedy",1813,"2016-06-01","Yvan Attal"
tt2543164,8,2017-03-28,"Arrival","Arrival",https://www.imdb.com/title/tt2543164,Movie,7.9,116,2016,"Sci-Fi, Drama, Mystery",869798,"2016-11-11","Denis Villeneuve"
tt1431045,8,2017-01-16,"Deadpool","Deadpool",https://www.imdb.com/title/tt1431045,Movie,8.0,108,2016,"Action, Sci-Fi, Comedy",1260051,"2016-02-12","Tim Miller"
tt1548850,7,2017-01-16,"Misfits","Misfits",https://www.imdb.com/title/tt1548850,TV Series,8.1,60,2009,"Comedy, Drama, Fantasy, Sci-Fi, Romance",113144,"2012-07-19",
tt4531694,7,2017-01-16,"Pattaya","Pattaya",https://www.imdb.com/title/tt4531694,Movie,4.8,100,2016,"Comedy",2116,"2016-02-24","Franck Gastambide"
tt3385516,6,2017-01-16,"X-Men: Apocalypse","X-Men: Apocalypse",https://www.imdb.com/title/tt3385516,Movie,6.8,144,2016,"Sci-Fi, Action, Adventure",494195,"2016-05-27","Bryan Singer"
tt4513674,6,2017-01-16,"Café Society","Café Society",https://www.imdb.com/title/tt4513674,Movie,6.6,96,2016,"Comedy, Romance, Drama",84963,"2016-08-05","Woody Allen"
tt4574334,8,2017-01-16,"Stranger Things","Stranger Things",https://www.imdb.com/title/tt4574334,TV Series,8.6,60,2016,"Drama, Horror, Thriller, Sci-Fi, Mystery, Fantasy",1715966,"2016-07-15",
tt3799694,3,2016-08-27,"The Nice Guys","The Nice Guys",https://www.imdb.com/title/tt3799694,Movie,7.4,116,2016,"Thriller, Crime, Comedy, Action, Mystery",419632,"2016-05-20","Shane Black"
tt2488496,8,2016-07-24,"Star Wars: Episode VII - The Force Awakens","Star Wars: Episode VII - The Force Awakens",https://www.imdb.com/title/tt2488496,Movie,7.7,138,2015,"Sci-Fi, Action, Adventure",1029666,"2015-12-18","J.J. Abrams"
tt0077631,7,2016-07-10,"Grease","Grease",https://www.imdb.com/title/tt0077631,Movie,7.2,110,1978,"Musical, Comedy, Romance",327599,"1978-06-16","Randal Kleiser"
tt0114694,6,2016-07-07,"Tommy Boy","Tommy Boy",https://www.imdb.com/title/tt0114694,Movie,7.1,97,1995,"Adventure, Comedy",105248,"1995-03-31","Peter Segal"
tt2282849,7,2016-06-04,"Porn in the Hood","Les Kaïra",https://www.imdb.com/title/tt2282849,Movie,5.4,95,2012,"Comedy",1868,"2012-07-11","Franck Gastambide"
tt1661420,8,2016-06-04,"Polisse","Polisse",https://www.imdb.com/title/tt1661420,Movie,7.3,127,2011,"Drama, Crime",16374,"2011-10-19","Maïwenn"
tt5281964,8,2016-05-15,"Florence Foresti: Madame Foresti","Florence Foresti: Madame Foresti",https://www.imdb.com/title/tt5281964,Video,7.4,100,2015,"Comedy",58,"2015-11-18","Xavier Maingon"
tt1187043,9,2016-05-14,"3 Idiots","3 Idiots",https://www.imdb.com/title/tt1187043,Movie,8.4,170,2009,"Drama, Comedy",485332,"2009-12-25","Rajkumar Hirani"
tt0416449,8,2016-05-14,"300","300",https://www.imdb.com/title/tt0416449,Movie,7.6,117,2006,"Action, Drama",915718,"2007-03-09","Zack Snyder"
tt0454848,8,2016-05-14,"Inside Man","Inside Man",https://www.imdb.com/title/tt0454848,Movie,7.6,129,2006,"Crime, Drama, Thriller, Mystery",426283,"2006-03-24","Spike Lee"
tt0162222,8,2016-05-14,"Cast Away","Cast Away",https://www.imdb.com/title/tt0162222,Movie,7.8,143,2000,"Romance, Drama, Adventure",691620,"2000-12-22","Robert Zemeckis"
tt0401792,8,2016-05-14,"Sin City","Sin City",https://www.imdb.com/title/tt0401792,Movie,8.0,124,2005,"Crime, Thriller",821890,"2005-04-01","Frank Miller,Robert Rodriguez"
tt0365686,8,2016-05-14,"Revolver","Revolver",https://www.imdb.com/title/tt0365686,Movie,6.3,111,2005,"Crime, Thriller, Mystery, Drama, Action",109247,"2005-09-22","Guy Ritchie"
tt0077416,8,2016-05-14,"The Deer Hunter","The Deer Hunter",https://www.imdb.com/title/tt0077416,Movie,8.1,183,1978,"Drama, War",387168,"1979-02-23","Michael Cimino"
tt0119116,9,2016-05-14,"The Fifth Element","Le cinquième élément",https://www.imdb.com/title/tt0119116,Movie,7.6,126,1997,"Adventure, Sci-Fi, Action",547899,"1997-05-09","Luc Besson"
tt0196229,7,2016-05-11,"Zoolander","Zoolander",https://www.imdb.com/title/tt0196229,Movie,6.5,90,2001,"Comedy",318515,"2001-09-28","Ben Stiller"
tt2922440,6,2016-05-08,"Nice and Easy","Libre et assoupi",https://www.imdb.com/title/tt2922440,Movie,6.7,93,2014,"Comedy",1762,"2014-05-07","Benjamin Guedj"
tt2503944,5,2016-05-08,"Burnt","Burnt",https://www.imdb.com/title/tt2503944,Movie,6.6,101,2015,"Comedy, Drama",143562,"2015-10-30","John Wells"
tt0475290,6,2016-05-08,"Hail, Caesar!","Hail, Caesar!",https://www.imdb.com/title/tt0475290,Movie,6.3,106,2016,"Comedy, Mystery, Drama",150455,"2016-02-05","Ethan Coen,Joel Coen"
tt4057632,6,2016-05-08,"All Three of Us","Nous trois ou rien",https://www.imdb.com/title/tt4057632,Movie,7.2,102,2015,"Comedy, Drama",2898,"2015-11-04","Kheiron"
tt1375670,6,2016-05-08,"Grown Ups","Grown Ups",https://www.imdb.com/title/tt1375670,Movie,6.0,102,2010,"Comedy",315379,"2010-06-25","Dennis Dugan"
tt0074860,7,2016-05-02,"Marathon Man","Marathon Man",https://www.imdb.com/title/tt0074860,Movie,7.4,125,1976,"Crime, Drama, Thriller",75906,"1976-10-08","John Schlesinger"
tt3478962,8,2016-05-01,"My King","Mon roi",https://www.imdb.com/title/tt3478962,Movie,7.1,124,2015,"Drama, Romance",15193,"2016-08-12","Maïwenn"
tt2191765,6,2016-03-20,"One Wild Moment","Un moment d'égarement",https://www.imdb.com/title/tt2191765,Movie,6.2,105,2015,"Comedy, Drama, Romance",11507,"2015-06-24","Jean-François Richet"
tt3076658,8,2016-03-20,"Creed","Creed",https://www.imdb.com/title/tt3076658,Movie,7.6,133,2015,"Drama, Sport, Action",336666,"2015-11-25","Ryan Coogler"
tt3460252,7,2016-03-09,"The Hateful Eight","The Hateful Eight",https://www.imdb.com/title/tt3460252,Movie,7.8,168,2015,"Western, Drama, Thriller, Mystery, Crime",725595,"2015-12-30","Quentin Tarantino"
tt3800894,6,2016-03-07,"Cristiano Ronaldo: World at His Feet","Cristiano Ronaldo: World at His Feet",https://www.imdb.com/title/tt3800894,Movie,6.4,54,2014,"Documentary, Sport, Biography",2345,"2015-10-06","Tara Pirnia"
tt4145178,7,2016-03-07,"Listen to Me Marlon","Listen to Me Marlon",https://www.imdb.com/title/tt4145178,Movie,8.1,103,2015,"Documentary, Biography",8206,"2015-07-29","Stevan Riley"
tt1964418,7,2016-03-07,"Tomorrowland","Tomorrowland",https://www.imdb.com/title/tt1964418,Movie,6.4,130,2015,"Sci-Fi, Mystery, Adventure, Action, Family, Fantasy",200169,"2015-05-22","Brad Bird"
tt1798684,6,2016-03-07,"Southpaw","Southpaw",https://www.imdb.com/title/tt1798684,Movie,7.3,124,2015,"Drama, Sport, Action",280084,"2015-07-24","Antoine Fuqua"
tt0478970,6,2016-03-07,"Ant-Man","Ant-Man",https://www.imdb.com/title/tt0478970,Movie,7.2,117,2015,"Action, Sci-Fi, Comedy",784357,"2015-07-17","Peyton Reed"
tt1524930,6,2016-03-07,"Vacation","Vacation",https://www.imdb.com/title/tt1524930,Movie,6.2,99,2015,"Adventure, Comedy",134220,"2015-07-29","John Francis Daley,Jonathan Goldstein"
tt3659388,8,2016-03-07,"The Martian","The Martian",https://www.imdb.com/title/tt3659388,Movie,8.0,144,2015,"Sci-Fi, Adventure, Drama",1018681,"2015-10-02","Ridley Scott"
tt2379713,7,2016-03-07,"Spectre","Spectre",https://www.imdb.com/title/tt2379713,Movie,6.8,148,2015,"Adventure, Thriller, Action",498727,"2015-11-06","Sam Mendes"
tt1596363,7,2016-03-07,"The Big Short","The Big Short",https://www.imdb.com/title/tt1596363,Movie,7.8,130,2015,"Drama, Biography, Comedy, History",542672,"2015-12-23","Adam McKay"
tt1895587,8,2016-03-06,"Spotlight","Spotlight",https://www.imdb.com/title/tt1895587,Movie,8.1,129,2015,"Drama, Crime, Biography",537387,"2015-11-20","Tom McCarthy"
tt3079380,7,2016-01-31,"Spy","Spy",https://www.imdb.com/title/tt3079380,Movie,7.0,120,2015,"Comedy, Action",275234,"2015-06-05","Paul Feig"
tt3682448,6,2016-01-24,"Bridge of Spies","Bridge of Spies",https://www.imdb.com/title/tt3682448,Movie,7.6,142,2015,"Drama, Thriller, History, War",345675,"2015-10-16","Steven Spielberg"
tt3397884,6,2016-01-18,"Sicario","Sicario",https://www.imdb.com/title/tt3397884,Movie,7.7,121,2015,"Drama, Crime, Mystery, Thriller, Action",542698,"2015-10-02","Denis Villeneuve"
tt1698441,7,2016-01-01,"The Trip","The Trip",https://www.imdb.com/title/tt1698441,TV Series,8.0,172,2010,"Comedy",8456,"2010-11-01",
tt0383028,4,2015-12-14,"Synecdoche, New York","Synecdoche, New York",https://www.imdb.com/title/tt0383028,Movie,7.5,124,2008,"Drama",105273,"2009-02-05","Charlie Kaufman"
tt1229238,7,2015-12-14,"Mission: Impossible - Ghost Protocol","Mission: Impossible - Ghost Protocol",https://www.imdb.com/title/tt1229238,Movie,7.4,132,2011,"Action, Thriller, Adventure",566940,"2011-12-21","Brad Bird"
tt1192628,7,2015-12-14,"Rango","Rango",https://www.imdb.com/title/tt1192628,Movie,7.3,107,2011,"Animation, Adventure, Family, Western, Comedy, Action, Drama",321560,"2011-03-04","Gore Verbinski"
tt0472954,8,2015-12-13,"It's Always Sunny in Philadelphia","It's Always Sunny in Philadelphia",https://www.imdb.com/title/tt0472954,TV Series,8.8,22,2005,"Comedy",282664,"2005-08-04",
tt0479143,6,2015-12-13,"Rocky Balboa","Rocky Balboa",https://www.imdb.com/title/tt0479143,Movie,7.1,102,2006,"Sport, Drama",244082,"2006-12-20","Sylvester Stallone"
tt5065822,6,2015-12-05,"Ronaldo","Ronaldo",https://www.imdb.com/title/tt5065822,Movie,6.3,92,2015,"Documentary, Sport, Biography",17903,"2015-11-09","Anthony Wonke"
tt0298203,7,2015-11-29,"8 Mile","8 Mile",https://www.imdb.com/title/tt0298203,Movie,7.2,110,2002,"Music, Drama",353080,"2002-11-08","Curtis Hanson"
tt1674771,6,2015-11-29,"Entourage","Entourage",https://www.imdb.com/title/tt1674771,Movie,6.5,104,2015,"Comedy, Drama",86084,"2015-06-03","Doug Ellin"
tt2395427,7,2015-11-29,"Avengers: Age of Ultron","Avengers: Age of Ultron",https://www.imdb.com/title/tt2395427,Movie,7.3,141,2015,"Action, Adventure, Sci-Fi",1006694,"2015-05-01","Joss Whedon"
tt3311384,8,2015-11-21,"The Class of '92","The Class of '92",https://www.imdb.com/title/tt3311384,Movie,7.9,99,2013,"Documentary, Sport",8995,"2013-11-29","Ben Turner,Gabe Turner"
tt2096673,7,2015-11-19,"Inside Out","Inside Out",https://www.imdb.com/title/tt2096673,Movie,8.1,95,2015,"Animation, Comedy, Family, Adventure, Drama, Fantasy",922267,"2015-06-19","Pete Docter,Ronnie Del Carmen"
tt2120120,6,2015-11-19,"Pixels","Pixels",https://www.imdb.com/title/tt2120120,Movie,5.6,105,2015,"Comedy, Action, Sci-Fi, Fantasy, Adventure, Thriller",181280,"2015-07-24","Chris Columbus"
tt1398426,8,2015-11-19,"Straight Outta Compton","Straight Outta Compton",https://www.imdb.com/title/tt1398426,Movie,7.8,147,2015,"Musical, Biography, Music, Drama, History",234753,"2015-08-14","F. Gary Gray"
tt2381249,7,2015-11-19,"Mission: Impossible - Rogue Nation","Mission: Impossible - Rogue Nation",https://www.imdb.com/title/tt2381249,Movie,7.4,131,2015,"Action, Adventure, Thriller",447555,"2015-07-31","Christopher McQuarrie"
tt0369610,7,2015-11-15,"Jurassic World","Jurassic World",https://www.imdb.com/title/tt0369610,Movie,6.9,124,2015,"Adventure, Sci-Fi, Action",732545,"2015-06-12","Colin Trevorrow"
tt1638355,7,2015-11-15,"The Man from U.N.C.L.E.","The Man from U.N.C.L.E.",https://www.imdb.com/title/tt1638355,Movie,7.2,116,2015,"Action, Adventure, Comedy",358049,"2015-08-14","Guy Ritchie"
tt0353969,7,2015-09-23,"Memories of Murder","Salinui chueok",https://www.imdb.com/title/tt0353969,Movie,8.1,131,2003,"Mystery, Crime, Drama, Thriller",270307,"2003-05-02","Bong Joon Ho"
tt4299972,8,2015-09-21,"The Jinx: The Life and Deaths of Robert Durst","The Jinx: The Life and Deaths of Robert Durst",https://www.imdb.com/title/tt4299972,TV Series,8.6,45,2015,"Documentary, Crime, Mystery, Biography",58927,"2015-02-08",
tt1740047,6,2015-08-31,"The Trip","The Trip",https://www.imdb.com/title/tt1740047,Movie,7.0,112,2010,"Comedy, Drama",24240,"2011-04-24","Michael Winterbottom"
tt1636826,6,2015-08-19,"Project X","Project X",https://www.imdb.com/title/tt1636826,Movie,6.7,88,2012,"Comedy, Thriller",259472,"2012-03-02","Nima Nourizadeh"
tt2967006,7,2015-08-17,"The Trip to Italy","The Trip to Italy",https://www.imdb.com/title/tt2967006,Movie,6.6,108,2014,"Comedy, Drama",16538,"2014-04-25","Michael Winterbottom"
tt0219822,8,2015-08-17,"Human Nature","Human Nature",https://www.imdb.com/title/tt0219822,Movie,6.4,96,2001,"Drama, Comedy",19581,"2001-09-12","Michel Gondry"
tt0381849,7,2015-08-15,"3:10 to Yuma","3:10 to Yuma",https://www.imdb.com/title/tt0381849,Movie,7.6,122,2007,"Western, Drama, Crime, Action",352066,"2007-09-07","James Mangold"
tt0960144,9,2015-08-15,"You Don't Mess with the Zohan","You Don't Mess with the Zohan",https://www.imdb.com/title/tt0960144,Movie,5.6,113,2008,"Comedy, Action",228532,"2008-06-06","Dennis Dugan"
tt2908446,6,2015-08-15,"The Divergent Series: Insurgent","The Divergent Series: Insurgent",https://www.imdb.com/title/tt2908446,Movie,6.2,119,2015,"Adventure, Sci-Fi, Thriller, Action, Romance",272532,"2015-03-20","Robert Schwentke"
tt1527788,7,2015-08-15,"The Man from Nowhere","Ajeossi",https://www.imdb.com/title/tt1527788,Movie,7.7,119,2010,"Action, Drama, Thriller, Crime",80992,"2010-08-05","Lee Jeong-beom"
tt3011894,8,2015-08-11,"Wild Tales","Relatos salvajes",https://www.imdb.com/title/tt3011894,Movie,8.1,122,2014,"Comedy, Thriller, Drama",239642,"2014-08-21","Damián Szifron"
tt0079116,7,2015-08-10,"Escape from Alcatraz","Escape from Alcatraz",https://www.imdb.com/title/tt0079116,Movie,7.5,112,1979,"Crime, Drama, Biography, Thriller",165243,"1979-06-22","Don Siegel"
tt0405508,7,2015-08-10,"Rang De Basanti","Rang De Basanti",https://www.imdb.com/title/tt0405508,Movie,8.1,167,2006,"Drama, Comedy, Crime",126883,"2006-01-26","Rakeysh Omprakash Mehra"
tt3759416,6,2015-08-10,"Astérix: The Mansions of the Gods","Astérix: Le Domaine des dieux",https://www.imdb.com/title/tt3759416,Movie,6.9,85,2014,"Animation, Adventure, Comedy, Family",17077,"2014-11-26","Louis Clichy,Alexandre Astier"
tt2170593,7,2015-08-10,"St. Vincent","St. Vincent",https://www.imdb.com/title/tt2170593,Movie,7.2,102,2014,"Comedy, Drama",113980,"2014-10-24","Theodore Melfi"
tt2637294,6,2015-08-10,"Hot Tub Time Machine 2","Hot Tub Time Machine 2",https://www.imdb.com/title/tt2637294,Movie,5.0,93,2015,"Comedy, Sci-Fi, Mystery",45375,"2015-02-20","Steve Pink"
tt2561572,6,2015-08-10,"Get Hard","Get Hard",https://www.imdb.com/title/tt2561572,Movie,6.0,100,2015,"Comedy, Crime, Drama",155824,"2015-03-27","Etan Cohen"
tt1392190,8,2015-08-10,"Mad Max: Fury Road","Mad Max: Fury Road",https://www.imdb.com/title/tt1392190,Movie,8.1,120,2015,"Action, Adventure, Sci-Fi",1211642,"2015-05-15","George Miller"
tt0433035,7,2015-08-08,"Real Steel","Real Steel",https://www.imdb.com/title/tt0433035,Movie,7.1,127,2011,"Drama, Sci-Fi, Sport, Action",382180,"2011-10-07","Shawn Levy"
tt0181852,6,2015-08-08,"Terminator 3: Rise of the Machines","Terminator 3: Rise of the Machines",https://www.imdb.com/title/tt0181852,Movie,6.3,109,2003,"Sci-Fi, Action",438500,"2003-07-02","Jonathan Mostow"
tt0108778,9,2015-08-08,"Friends","Friends",https://www.imdb.com/title/tt0108778,TV Series,8.8,22,1994,"Romance, Comedy",1198098,"1994-09-22",
tt0114732,6,2015-08-08,"The Three Brothers","Les trois frères",https://www.imdb.com/title/tt0114732,Movie,7.2,105,1995,"Comedy",8215,"1995-12-13","Didier Bourdon,Bernard Campan"
tt0077276,7,2015-08-08,"French Fried Vacation","Les bronzés",https://www.imdb.com/title/tt0077276,Movie,6.7,105,1978,"Comedy, Romance",8598,"1978-11-22","Patrice Leconte"
tt0110922,8,2015-07-27,"Good Old Daze","Le péril jeune",https://www.imdb.com/title/tt0110922,Movie,7.2,101,1994,"Romance, Drama, Comedy",3552,"1995-01-11","Cédric Klapisch"
tt2042568,7,2015-07-27,"Inside Llewyn Davis","Inside Llewyn Davis",https://www.imdb.com/title/tt2042568,Movie,7.4,104,2013,"Drama, Music",172488,"2014-01-10","Ethan Coen,Joel Coen"
tt1440728,4,2015-07-27,"The American","The American",https://www.imdb.com/title/tt1440728,Movie,6.3,105,2010,"Drama, Crime, Thriller",106974,"2010-09-01","Anton Corbijn"
tt0473075,6,2015-07-27,"Prince of Persia: The Sands of Time","Prince of Persia: The Sands of Time",https://www.imdb.com/title/tt0473075,Movie,6.5,116,2010,"Action, Fantasy, Adventure",318442,"2010-05-28","Mike Newell"
tt0970179,7,2015-07-27,"Hugo","Hugo",https://www.imdb.com/title/tt0970179,Movie,7.5,126,2011,"Adventure, Mystery, Drama, Fantasy, Family",350236,"2011-11-23","Martin Scorsese"
tt1723811,7,2015-07-27,"Shame","Shame",https://www.imdb.com/title/tt1723811,Movie,7.2,101,2011,"Drama",218003,"2011","Steve McQueen"
tt2637276,6,2015-07-19,"Ted 2","Ted 2",https://www.imdb.com/title/tt2637276,Movie,6.3,115,2015,"Comedy",262533,"2015-06-26","Seth MacFarlane"
tt0118607,7,2015-07-08,"Amistad","Amistad",https://www.imdb.com/title/tt0118607,Movie,7.3,155,1997,"History, Biography, Drama",88213,"1997-12-12","Steven Spielberg"
tt0099088,7,2015-07-08,"Back to the Future Part III","Back to the Future Part III",https://www.imdb.com/title/tt0099088,Movie,7.5,118,1990,"Adventure, Sci-Fi, Comedy, Western",522627,"1990-05-25","Robert Zemeckis"
tt1276104,7,2015-07-08,"Looper","Looper",https://www.imdb.com/title/tt1276104,Movie,7.4,119,2012,"Sci-Fi, Action, Thriller, Drama",630021,"2012-09-28","Rian Johnson"
tt0109440,7,2015-07-03,"Fear City: A Family-Style Comedy","La cité de la peur",https://www.imdb.com/title/tt0109440,Movie,7.5,100,1994,"Horror, Comedy",11614,"1994-03-09","Alain Berbérian"
tt0094226,8,2015-07-03,"The Untouchables","The Untouchables",https://www.imdb.com/title/tt0094226,Movie,7.8,119,1987,"Thriller, Drama, Crime",354571,"1987-06-03","Brian De Palma"
tt1019452,6,2015-07-03,"A Serious Man","A Serious Man",https://www.imdb.com/title/tt1019452,Movie,7.0,106,2009,"Drama, Comedy",159002,"2009-11-06","Ethan Coen,Joel Coen"
tt0325710,6,2015-07-03,"The Last Samurai","The Last Samurai",https://www.imdb.com/title/tt0325710,Movie,7.8,154,2003,"Drama, Action",506174,"2003-12-05","Edward Zwick"
tt2800240,6,2015-07-03,"Serial Bad Weddings","Qu'est-ce qu'on a fait au bon Dieu?",https://www.imdb.com/title/tt2800240,Movie,7.0,97,2014,"Comedy",48567,"2014-04-16","Philippe de Chauveron"
tt0078907,7,2015-07-03,"French Fried Vacation 2","Les bronzés font du ski",https://www.imdb.com/title/tt0078907,Movie,7.4,90,1979,"Comedy",10228,"1979-11-22","Patrice Leconte"
tt1772341,7,2015-07-03,"Wreck-It Ralph","Wreck-It Ralph",https://www.imdb.com/title/tt1772341,Movie,7.7,101,2012,"Animation, Comedy, Family, Adventure, Fantasy, Sci-Fi, Sport",501556,"2012-11-02","Rich Moore"
tt0116367,5,2015-07-03,"From Dusk Till Dawn","From Dusk Till Dawn",https://www.imdb.com/title/tt0116367,Movie,7.2,108,1996,"Crime, Action, Horror",371817,"1996-01-19","Robert Rodriguez"
tt0364725,7,2015-07-03,"Dodgeball: A True Underdog Story","Dodgeball: A True Underdog Story",https://www.imdb.com/title/tt0364725,Movie,6.7,92,2004,"Comedy, Sport",287580,"2004-06-18","Rawson Marshall Thurber"
tt0084555,7,2015-07-03,"Santa Claus Is a Stinker","Le père Noël est une ordure",https://www.imdb.com/title/tt0084555,Movie,7.4,88,1982,"Comedy",11565,"2011-12-28","Jean-Marie Poiré"
tt0209144,7,2015-07-01,"Memento","Memento",https://www.imdb.com/title/tt0209144,Movie,8.4,113,2000,"Thriller, Mystery",1441670,"2001-05-25","Christopher Nolan"
tt1205489,8,2015-07-01,"Gran Torino","Gran Torino",https://www.imdb.com/title/tt1205489,Movie,8.1,116,2008,"Drama",865158,"2009-01-09","Clint Eastwood"
tt2278871,7,2015-07-01,"Blue Is the Warmest Colour","La Vie d'Adèle : Chapitres 1 et 2",https://www.imdb.com/title/tt2278871,Movie,7.6,180,2013,"Drama, Romance",173948,"2013-10-09","Abdellatif Kechiche"
tt1028528,7,2015-07-01,"Death Proof","Death Proof",https://www.imdb.com/title/tt1028528,Movie,7.0,127,2007,"Thriller, Drama",335243,"2007-05-31","Quentin Tarantino"
tt0487831,9,2015-07-01,"The IT Crowd","The IT Crowd",https://www.imdb.com/title/tt0487831,TV Series,8.5,25,2006,"Comedy",176832,"2006-02-03",
tt0462322,7,2015-07-01,"Grindhouse","Grindhouse",https://www.imdb.com/title/tt0462322,Movie,7.5,191,2007,"Horror, Thriller",197249,"2007-04-06","Robert Rodriguez,Eli Roth,Quentin Tarantino,Edgar Wright,Rob Zombie"
tt0116242,7,2015-07-01,"Everyone Says I Love You","Everyone Says I Love You",https://www.imdb.com/title/tt0116242,Movie,6.7,101,1996,"Musical, Romance, Comedy",41378,"1997-01-17","Woody Allen"
tt0110357,9,2015-07-01,"The Lion King","The Lion King",https://www.imdb.com/title/tt0110357,Movie,8.5,88,1994,"Animation, Musical, Drama, Adventure, Family",1265709,"1994-06-24","Roger Allers,Rob Minkoff"
tt0066921,7,2015-07-01,"A Clockwork Orange","A Clockwork Orange",https://www.imdb.com/title/tt0066921,Movie,8.2,136,1971,"Crime, Sci-Fi",939010,"1972-02-02","Stanley Kubrick"
tt0057012,7,2015-07-01,"Dr. Strangelove or: How I Learned to Stop Worrying and Love the Bomb","Dr. Strangelove or: How I Learned to Stop Worrying and Love the Bomb",https://www.imdb.com/title/tt0057012,Movie,8.3,95,1964,"War, Comedy",551886,"1964-01-29","Stanley Kubrick"
tt0407887,8,2015-07-01,"The Departed","The Departed",https://www.imdb.com/title/tt0407887,Movie,8.5,151,2006,"Crime, Drama, Thriller",1562347,"2006-10-06","Martin Scorsese"
tt0395169,8,2015-07-01,"Hotel Rwanda","Hotel Rwanda",https://www.imdb.com/title/tt0395169,Movie,8.1,121,2004,"Drama, War, History, Biography",393078,"2005-02-04","Terry George"
tt0382932,8,2015-07-01,"Ratatouille","Ratatouille",https://www.imdb.com/title/tt0382932,Movie,8.1,111,2007,"Animation, Comedy, Family, Fantasy, Adventure",952541,"2007-06-29","Brad Bird,Jan Pinkava"
tt0378194,8,2015-07-01,"Kill Bill: Vol. 2","Kill Bill: Vol. 2",https://www.imdb.com/title/tt0378194,Movie,8.0,137,2004,"Thriller, Crime, Action",873856,"2004-04-16","Quentin Tarantino"
tt0073486,8,2015-07-01,"One Flew Over the Cuckoo's Nest","One Flew Over the Cuckoo's Nest",https://www.imdb.com/title/tt0073486,Movie,8.6,133,1975,"Drama",1160017,"1975-11-21","Miloš Forman"
tt2820852,6,2015-07-01,"Furious 7","Fast & Furious 7",https://www.imdb.com/title/tt2820852,Movie,7.1,137,2015,"Action, Thriller",441326,"2015-04-03","James Wan"
tt1690953,7,2015-07-01,"Despicable Me 2","Despicable Me 2",https://www.imdb.com/title/tt1690953,Movie,7.3,98,2013,"Animation, Comedy, Family, Sci-Fi, Adventure, Crime",462238,"2013-07-03","Pierre Coffin,Chris Renaud"
tt3032476,9,2015-07-01,"Better Call Saul","Better Call Saul",https://www.imdb.com/title/tt3032476,TV Series,9.0,45,2015,"Crime, Drama",847001,"2015-02-08",
tt2017109,7,2015-07-01,"Banshee","Banshee",https://www.imdb.com/title/tt2017109,TV Series,8.4,60,2013,"Crime, Drama, Mystery, Action, Thriller",148919,"2013-01-11",
tt0398286,7,2015-07-01,"Tangled","Tangled",https://www.imdb.com/title/tt0398286,Movie,7.7,100,2010,"Animation, Musical, Family, Comedy, Fantasy, Romance, Adventure",548785,"2010-11-24","Nathan Greno,Byron Howard"
tt0306414,10,2015-07-01,"The Wire","The Wire",https://www.imdb.com/title/tt0306414,TV Series,9.3,60,2002,"Thriller, Crime, Drama",434113,"2002-06-02",
tt1152836,7,2015-06-29,"Public Enemies","Public Enemies",https://www.imdb.com/title/tt1152836,Movie,6.9,140,2009,"Crime, Drama, Biography, History",335783,"2009-07-01","Michael Mann"
tt1231587,7,2015-06-29,"Hot Tub Time Machine","Hot Tub Time Machine",https://www.imdb.com/title/tt1231587,Movie,6.4,99,2010,"Comedy, Sci-Fi",199241,"2010-03-26","Steve Pink"
tt0387199,8,2015-06-29,"Entourage","Entourage",https://www.imdb.com/title/tt0387199,TV Series,8.4,30,2004,"Comedy, Drama",184477,"2004-07-18",
tt2802850,8,2015-06-21,"Fargo","Fargo",https://www.imdb.com/title/tt2802850,TV Series,8.8,60,2014,"Crime, Drama, Thriller",471316,"2014-04-15",
tt2446042,6,2015-06-10,"Taken 3","Taken 3",https://www.imdb.com/title/tt2446042,Movie,6.0,108,2014,"Action, Thriller, Crime",215589,"2015-01-09","Olivier Megaton"
tt0470752,7,2015-06-10,"Ex Machina","Ex Machina",https://www.imdb.com/title/tt0470752,Movie,7.7,108,2014,"Drama, Sci-Fi, Thriller",641916,"2015-04-24","Alex Garland"
tt3547740,6,2015-06-10,"The Bélier Family","La famille Bélier",https://www.imdb.com/title/tt3547740,Movie,7.3,106,2014,"Comedy, Drama, Music",31464,"2014-12-17","Éric Lartigau"
tt2802144,9,2015-06-02,"Kingsman: The Secret Service","Kingsman: The Secret Service",https://www.imdb.com/title/tt2802144,Movie,7.7,129,2014,"Adventure, Action, Comedy, Thriller",779779,"2015-02-13","Matthew Vaughn"
tt0092965,8,2015-06-02,"Empire of the Sun","Empire of the Sun",https://www.imdb.com/title/tt0092965,Movie,7.7,153,1987,"Drama, War",143901,"1987-12-25","Steven Spielberg"
tt1872194,7,2015-05-22,"The Judge","The Judge",https://www.imdb.com/title/tt1872194,Movie,7.4,141,2014,"Drama, Crime, Mystery, Thriller",219938,"2014-10-10","David Dobkin"
tt2179136,8,2015-05-18,"American Sniper","American Sniper",https://www.imdb.com/title/tt2179136,Movie,7.3,133,2014,"Action, Biography, War, Drama",572079,"2015-01-16","Clint Eastwood"
tt0052357,7,2015-05-16,"Vertigo","Vertigo",https://www.imdb.com/title/tt0052357,Movie,8.2,128,1958,"Romance, Thriller, Mystery",459917,"1958-05-28","Alfred Hitchcock"
tt2294629,7,2015-05-16,"Frozen","Frozen",https://www.imdb.com/title/tt2294629,Movie,7.4,102,2013,"Animation, Musical, Family, Fantasy, Adventure, Comedy",716537,"2013-11-27","Chris Buck,Jennifer Lee"
tt2937900,9,2015-05-16,"The Knick","The Knick",https://www.imdb.com/title/tt2937900,TV Series,8.4,58,2014,"Drama, History",57217,"2014-08-08",
tt0106856,7,2015-05-16,"Falling Down","Falling Down",https://www.imdb.com/title/tt0106856,Movie,7.5,113,1993,"Crime, Drama, Thriller",227463,"1993-02-26","Joel Schumacher"
tt0111001,7,2015-05-14,"The Road to Wellville","The Road to Wellville",https://www.imdb.com/title/tt0111001,Movie,5.9,118,1994,"Drama, Comedy",14083,"1994-10-28","Alan Parker"
tt0376994,7,2015-05-13,"X-Men: The Last Stand","X-Men: The Last Stand",https://www.imdb.com/title/tt0376994,Movie,6.6,104,2006,"Action, Sci-Fi, Adventure",573987,"2006-05-26","Brett Ratner"
tt0799934,6,2015-05-13,"Be Kind Rewind","Be Kind Rewind",https://www.imdb.com/title/tt0799934,Movie,6.4,102,2008,"Comedy",96623,"2008-02-22","Michel Gondry"
tt0097165,8,2015-05-13,"Dead Poets Society","Dead Poets Society",https://www.imdb.com/title/tt0097165,Movie,8.1,128,1989,"Comedy, Drama",659181,"1989-06-09","Peter Weir"
tt0945513,7,2015-05-13,"Source Code","Source Code",https://www.imdb.com/title/tt0945513,Movie,7.5,93,2011,"Sci-Fi, Thriller, Action, Drama, Mystery",584775,"2011-04-01","Duncan Jones"
tt2788710,5,2015-05-13,"The Interview","The Interview",https://www.imdb.com/title/tt2788710,Movie,6.5,112,2014,"Comedy, Action, Adventure",378191,"2014-12-24","Evan Goldberg,Seth Rogen"
tt0086979,7,2015-05-13,"Blood Simple","Blood Simple",https://www.imdb.com/title/tt0086979,Movie,7.5,99,1984,"Crime, Drama, Thriller",114391,"1985-01-18","Joel Coen,Ethan Coen"
tt0450259,7,2015-05-13,"Blood Diamond","Blood Diamond",https://www.imdb.com/title/tt0450259,Movie,8.0,143,2006,"Drama, Adventure, Thriller",627704,"2006-12-08","Edward Zwick"
tt0354899,8,2015-05-13,"The Science of Sleep","La science des rêves",https://www.imdb.com/title/tt0354899,Movie,7.2,105,2006,"Comedy, Drama, Romance, Fantasy",72278,"2006-09-29","Michel Gondry"
tt0418763,6,2015-05-13,"Jarhead","Jarhead",https://www.imdb.com/title/tt0418763,Movie,7.0,125,2005,"Drama, War, Biography",225780,"2005-11-04","Sam Mendes"
tt1528100,6,2015-05-11,"Exodus: Gods and Kings","Exodus: Gods and Kings",https://www.imdb.com/title/tt1528100,Movie,6.0,150,2014,"Drama, Action, Fantasy, Adventure",187367,"2014-12-12","Ridley Scott"
tt2245084,7,2015-05-11,"Big Hero 6","Big Hero 6",https://www.imdb.com/title/tt2245084,Movie,7.8,102,2014,"Animation, Action, Family, Sci-Fi, Adventure, Comedy, Crime, Drama",557113,"2014-11-07","Don Hall,Chris Williams"
tt2024469,6,2015-05-11,"Non-Stop","Non-Stop",https://www.imdb.com/title/tt2024469,Movie,6.9,106,2014,"Action, Thriller, Mystery",288188,"2014-02-28","Jaume Collet-Serra"
tt3612616,8,2015-05-03,"Mommy","Mommy",https://www.imdb.com/title/tt3612616,Movie,8.0,139,2014,"Drama",65835,"2014-10-08","Xavier Dolan"
tt1100089,7,2015-05-03,"Foxcatcher","Foxcatcher",https://www.imdb.com/title/tt1100089,Movie,7.0,134,2014,"Drama, Biography, Sport, History",155443,"2015-01-16","Bennett Miller"
tt0825232,8,2015-03-17,"The Bucket List","The Bucket List",https://www.imdb.com/title/tt0825232,Movie,7.3,97,2007,"Comedy, Drama, Adventure",273511,"2008-01-11","Rob Reiner"
tt0272338,7,2015-03-14,"Punch-Drunk Love","Punch-Drunk Love",https://www.imdb.com/title/tt0272338,Movie,7.3,95,2002,"Drama, Comedy, Thriller, Romance",198383,"2002-11-01","Paul Thomas Anderson"
tt1028532,4,2015-03-10,"Hachi: A Dog's Tale","Hachi: A Dog's Tale",https://www.imdb.com/title/tt1028532,Movie,8.1,93,2009,"Drama, Family, Biography",344891,"2010-03-12","Lasse Hallström"
tt1065073,7,2015-03-08,"Boyhood","Boyhood",https://www.imdb.com/title/tt1065073,Movie,7.9,165,2014,"Drama",382585,"2014-08-15","Richard Linklater"
tt2084970,7,2015-03-08,"The Imitation Game","The Imitation Game",https://www.imdb.com/title/tt2084970,Movie,8.0,114,2014,"Drama, Biography, Thriller, War",880771,"2014-12-25","Morten Tyldum"
tt2980516,7,2015-02-23,"The Theory of Everything","The Theory of Everything",https://www.imdb.com/title/tt2980516,Movie,7.7,123,2014,"Drama, Biography, Romance",508943,"2014-11-26","James Marsh"
tt2170439,8,2015-02-22,"Horrible Bosses 2","Horrible Bosses 2",https://www.imdb.com/title/tt2170439,Movie,6.3,108,2014,"Comedy, Crime",194138,"2014-11-26","Sean Anders"
tt2015381,7,2015-02-15,"Guardians of the Galaxy","Guardians of the Galaxy",https://www.imdb.com/title/tt2015381,Movie,8.0,121,2014,"Sci-Fi, Action, Adventure, Comedy",1369923,"2014-08-01","James Gunn"
tt2562232,8,2015-02-15,"Birdman or (The Unexpected Virtue of Ignorance)","Birdman or (The Unexpected Virtue of Ignorance)",https://www.imdb.com/title/tt2562232,Movie,7.7,119,2014,"Comedy, Drama",700470,"2014-11-14","Alejandro G. Iñárritu"
tt2582802,8,2015-02-15,"Whiplash","Whiplash",https://www.imdb.com/title/tt2582802,Movie,8.5,106,2014,"Drama, Music",1164839,"2014-10-15","Damien Chazelle"
tt0381061,9,2015-01-02,"Casino Royale","Casino Royale",https://www.imdb.com/title/tt0381061,Movie,8.0,144,2006,"Thriller, Action, Adventure",749132,"2006-11-17","Martin Campbell"
tt2294449,6,2015-01-02,"22 Jump Street","22 Jump Street",https://www.imdb.com/title/tt2294449,Movie,7.0,112,2014,"Comedy, Action, Crime, Mystery",442194,"2014-06-13","Phil Lord,Christopher Miller"
tt1371150,7,2015-01-02,"This Is Where I Leave You","This Is Where I Leave You",https://www.imdb.com/title/tt1371150,Movie,6.7,103,2014,"Comedy, Drama",95570,"2014-09-19","Shawn Levy"
tt1924396,8,2015-01-02,"The Best Offer","La migliore offerta",https://www.imdb.com/title/tt1924396,Movie,7.7,131,2013,"Drama, Romance, Crime, Mystery, Thriller",137774,"2014-01-01","Giuseppe Tornatore"
tt0455944,6,2014-12-28,"The Equalizer","The Equalizer",https://www.imdb.com/title/tt0455944,Movie,7.3,132,2014,"Thriller, Action, Crime",468704,"2014-09-26","Antoine Fuqua"
tt1492966,9,2014-12-23,"Louie","Louie",https://www.imdb.com/title/tt1492966,TV Series,8.5,22,2010,"Comedy, Drama",85443,"2010-06-29",
tt2350496,7,2014-12-20,"The Lunchbox","The Lunchbox",https://www.imdb.com/title/tt2350496,Movie,7.8,104,2013,"Drama, Romance",68918,"2013-09-20","Ritesh Batra"
tt2085059,9,2014-12-20,"Black Mirror","Black Mirror",https://www.imdb.com/title/tt2085059,TV Series,8.7,60,2011,"Drama, Thriller, Sci-Fi, Mystery, Crime",742083,"2011-12-04",
tt1790864,6,2014-12-07,"The Maze Runner","The Maze Runner",https://www.imdb.com/title/tt1790864,Movie,6.8,113,2014,"Sci-Fi, Mystery, Thriller, Action",566397,"2014-09-19","Wes Ball"
tt2397535,7,2014-12-02,"Predestination","Predestination",https://www.imdb.com/title/tt2397535,Movie,7.4,97,2014,"Sci-Fi, Thriller, Drama, Action",336757,"2015-01-09","Michael Spierig,Peter Spierig"
tt2980648,8,2014-11-30,"The Hundred-Foot Journey","The Hundred-Foot Journey",https://www.imdb.com/title/tt2980648,Movie,7.3,122,2014,"Drama, Comedy",91637,"2014-08-08","Lasse Hallström"
tt2872732,6,2014-11-13,"Lucy","Lucy",https://www.imdb.com/title/tt2872732,Movie,6.4,89,2014,"Action, Sci-Fi, Thriller",581991,"2014-07-25","Luc Besson"
tt0816692,8,2014-11-09,"Interstellar","Interstellar",https://www.imdb.com/title/tt0816692,Movie,8.7,169,2014,"Sci-Fi, Adventure, Drama",2555249,"2014-11-07","Christopher Nolan"
tt1253863,7,2014-11-06,"300: Rise of an Empire","300: Rise of an Empire",https://www.imdb.com/title/tt1253863,Movie,6.2,102,2014,"Action, Drama, Fantasy, Adventure, History, War",329764,"2014-03-07","Noam Murro"
tt2870708,7,2014-11-05,"Wish I Was Here","Wish I Was Here",https://www.imdb.com/title/tt2870708,Movie,6.6,106,2014,"Comedy, Drama",39811,"2014-07-25","Zach Braff"
tt2103281,8,2014-11-04,"Dawn of the Planet of the Apes","Dawn of the Planet of the Apes",https://www.imdb.com/title/tt2103281,Movie,7.6,130,2014,"Action, Adventure, Drama, Sci-Fi, Thriller",512883,"2014-07-11","Matt Reeves"
tt2267998,8,2014-10-23,"Gone Girl","Gone Girl",https://www.imdb.com/title/tt2267998,Movie,8.1,149,2014,"Thriller, Drama, Mystery",1176295,"2014-10-03","David Fincher"
tt0379786,7,2014-10-12,"Serenity","Serenity",https://www.imdb.com/title/tt0379786,Movie,7.8,119,2005,"Action, Adventure, Sci-Fi, Thriller",316298,"2005-09-30","Joss Whedon"
tt1980929,7,2014-10-11,"Begin Again","Begin Again",https://www.imdb.com/title/tt1980929,Movie,7.4,104,2013,"Drama, Music, Comedy, Romance",177185,"2014-07-11","John Carney"
tt1647668,7,2014-09-28,"Million Dollar Arm","Million Dollar Arm",https://www.imdb.com/title/tt1647668,Movie,7.0,124,2014,"Drama, Sport, Biography, Family",49505,"2014-05-16","Craig Gillespie"
tt0137523,9,2014-09-28,"Fight Club","Fight Club",https://www.imdb.com/title/tt0137523,Movie,8.8,139,1999,"Drama, Crime, Thriller",2627709,"1999-10-15","David Fincher"
tt0499549,7,2014-09-25,"Avatar","Avatar",https://www.imdb.com/title/tt0499549,Movie,7.9,162,2009,"Sci-Fi, Action, Adventure, Fantasy",1505269,"2009-12-18","James Cameron"
tt2883512,8,2014-09-19,"Chef","Chef",https://www.imdb.com/title/tt2883512,Movie,7.3,114,2014,"Comedy, Drama, Adventure",252247,"2014-05-30","Jon Favreau"
tt2109248,6,2014-09-17,"Transformers: Age of Extinction","Transformers: Age of Extinction",https://www.imdb.com/title/tt2109248,Movie,5.6,165,2014,"Sci-Fi, Action, Adventure, Comedy, Thriller",351237,"2014-06-27","Michael Bay"
tt0100150,8,2014-09-15,"Miller's Crossing","Miller's Crossing",https://www.imdb.com/title/tt0100150,Movie,7.7,115,1990,"Thriller, Crime, Drama",148586,"1990-10-05","Joel Coen,Ethan Coen"
tt0092099,7,2014-09-15,"Top Gun","Top Gun",https://www.imdb.com/title/tt0092099,Movie,7.0,109,1986,"Drama, Action",556451,"1986-05-16","Tony Scott"
tt0808151,6,2014-09-15,"Angels & Demons","Angels & Demons",https://www.imdb.com/title/tt0808151,Movie,6.7,138,2009,"Mystery, Thriller",326848,"2009-05-15","Ron Howard"
tt1631867,8,2014-09-14,"Edge of Tomorrow","Edge of Tomorrow",https://www.imdb.com/title/tt1631867,Movie,7.9,113,2014,"Action, Sci-Fi, Adventure",808846,"2014-06-06","Doug Liman"
tt0910936,7,2014-09-04,"Pineapple Express","Pineapple Express",https://www.imdb.com/title/tt0910936,Movie,6.9,111,2008,"Comedy, Crime, Action",373989,"2008-08-06","David Gordon Green"
tt0382625,6,2014-09-04,"The Da Vinci Code","The Da Vinci Code",https://www.imdb.com/title/tt0382625,Movie,6.7,149,2006,"Thriller, Mystery",487619,"2006-05-19","Ron Howard"
tt0120484,8,2014-09-04,"The Waterboy","The Waterboy",https://www.imdb.com/title/tt0120484,Movie,6.2,90,1998,"Sport, Comedy",192917,"1998-11-06","Frank Coraci"
tt1323594,7,2014-09-03,"Despicable Me","Despicable Me",https://www.imdb.com/title/tt1323594,Movie,7.6,95,2010,"Animation, Family, Comedy, Sci-Fi, Crime, Adventure",636254,"2010-07-09","Pierre Coffin,Chris Renaud"
tt1632708,6,2014-09-03,"Friends with Benefits","Friends with Benefits",https://www.imdb.com/title/tt1632708,Movie,6.5,109,2011,"Comedy, Romance",421560,"2011-07-22","Will Gluck"
tt0898266,8,2014-09-03,"The Big Bang Theory","The Big Bang Theory",https://www.imdb.com/title/tt0898266,TV Series,8.1,22,2007,"Comedy, Romance",940436,"2007-09-24",
tt1226229,6,2014-09-03,"Get Him to the Greek","Get Him to the Greek",https://www.imdb.com/title/tt1226229,Movie,6.3,109,2010,"Comedy, Music",190730,"2010-06-04","Nicholas Stoller"
tt0243155,7,2014-09-03,"Bridget Jones's Diary","Bridget Jones's Diary",https://www.imdb.com/title/tt0243155,Movie,6.8,97,2001,"Drama, Romance, Comedy",287759,"2001-04-13","Sharon Maguire"
tt1981115,6,2014-09-03,"Thor: The Dark World","Thor: The Dark World",https://www.imdb.com/title/tt1981115,Movie,6.7,112,2013,"Action, Adventure, Fantasy, Sci-Fi",781514,"2013-11-08","Alan Taylor"
tt0351283,7,2014-09-03,"Madagascar","Madagascar",https://www.imdb.com/title/tt0351283,Movie,7.0,86,2005,"Animation, Family, Comedy, Adventure",483289,"2005-05-27","Eric Darnell,Tom McGrath"
tt0448157,6,2014-08-31,"Hancock","Hancock",https://www.imdb.com/title/tt0448157,Movie,6.4,92,2008,"Action, Comedy, Fantasy, Drama",540892,"2008-07-02","Peter Berg"
tt0773262,8,2014-08-31,"Dexter","Dexter",https://www.imdb.com/title/tt0773262,TV Series,8.6,60,2006,"Crime, Drama, Mystery, Thriller",943104,"2006-10-01",
tt0887912,7,2014-08-31,"The Hurt Locker","The Hurt Locker",https://www.imdb.com/title/tt0887912,Movie,7.5,131,2008,"Thriller, Drama, War",497753,"2009-07-31","Kathryn Bigelow"
tt1245492,7,2014-08-31,"This Is the End","This Is the End",https://www.imdb.com/title/tt1245492,Movie,6.6,107,2013,"Comedy, Fantasy, Sci-Fi, Thriller",456997,"2013-06-12","Evan Goldberg,Seth Rogen"
tt1197624,8,2014-08-31,"Law Abiding Citizen","Law Abiding Citizen",https://www.imdb.com/title/tt1197624,Movie,7.4,109,2009,"Drama, Thriller, Crime, Action",346710,"2009-10-16","F. Gary Gray"
tt0183649,7,2014-08-31,"Phone Booth","Phone Booth",https://www.imdb.com/title/tt0183649,Movie,7.1,81,2002,"Crime, Thriller",302702,"2003-04-04","Joel Schumacher"
tt0455590,7,2014-08-31,"The Last King of Scotland","The Last King of Scotland",https://www.imdb.com/title/tt0455590,Movie,7.6,123,2006,"Drama, Biography, History, Thriller",206389,"2007-01-19","Kevin Macdonald"
tt0129387,7,2014-08-31,"There's Something About Mary","There's Something About Mary",https://www.imdb.com/title/tt0129387,Movie,7.1,119,1998,"Romance, Comedy",349417,"1998-07-15","Bobby Farrelly,Peter Farrelly"
tt1931533,7,2014-08-31,"Seven Psychopaths","Seven Psychopaths",https://www.imdb.com/title/tt1931533,Movie,7.1,110,2012,"Comedy, Crime, Drama, Thriller",288985,"2012-10-12","Martin McDonagh"
tt0112851,7,2014-08-31,"Desperado","Desperado",https://www.imdb.com/title/tt0112851,Movie,7.1,104,1995,"Crime, Western, Drama, Thriller, Action",209037,"1995-08-25","Robert Rodriguez"
tt0251160,7,2014-08-31,"John Q","John Q",https://www.imdb.com/title/tt0251160,Movie,7.1,116,2002,"Crime, Drama, Thriller",154332,"2002-02-15","Nick Cassavetes"
tt0245574,8,2014-08-31,"Y tu mamá también","Y tu mamá también",https://www.imdb.com/title/tt0245574,Movie,7.7,106,2001,"Drama",142267,"2001-06-08","Alfonso Cuarón"
tt0389790,7,2014-08-31,"Bee Movie","Bee Movie",https://www.imdb.com/title/tt0389790,Movie,6.1,91,2007,"Animation, Comedy, Family, Adventure, Drama, Romance",198723,"2007-11-02","Steve Hickner,Simon J. Smith"
tt0415306,7,2014-08-31,"Talladega Nights: The Ballad of Ricky Bobby","Talladega Nights: The Ballad of Ricky Bobby",https://www.imdb.com/title/tt0415306,Movie,6.6,108,2006,"Comedy, Sport",215158,"2006-08-04","Adam McKay"
tt1250777,7,2014-08-31,"Kick-Ass","Kick-Ass",https://www.imdb.com/title/tt1250777,Movie,7.6,117,2010,"Comedy, Action, Crime",622294,"2010-04-16","Matthew Vaughn"
tt1386588,6,2014-08-31,"The Other Guys","The Other Guys",https://www.imdb.com/title/tt1386588,Movie,6.7,107,2010,"Action, Comedy, Crime, Thriller",310958,"2010-08-06","Adam McKay"
tt0445934,6,2014-08-31,"Blades of Glory","Blades of Glory",https://www.imdb.com/title/tt0445934,Movie,6.3,93,2007,"Comedy, Sport",186783,"2007-03-30","Josh Gordon,Will Speck"
tt0110074,7,2014-08-31,"The Hudsucker Proxy","The Hudsucker Proxy",https://www.imdb.com/title/tt0110074,Movie,7.2,111,1994,"Fantasy, Drama, Comedy",90598,"1994-03-11","Joel Coen,Ethan Coen"
tt1217209,6,2014-08-31,"Brave","Brave",https://www.imdb.com/title/tt1217209,Movie,7.1,93,2012,"Animation, Adventure, Fantasy, Family, Comedy, Drama, Mystery, Action",481872,"2012-06-22","Mark Andrews,Brenda Chapman,Steve Purcell"
tt1182345,7,2014-08-31,"Moon","Moon",https://www.imdb.com/title/tt1182345,Movie,7.8,97,2009,"Sci-Fi, Drama, Mystery",396772,"2009-07-10","Duncan Jones"
tt1401152,6,2014-08-31,"Unknown","Unknown",https://www.imdb.com/title/tt1401152,Movie,6.8,113,2011,"Thriller, Mystery, Action",276904,"2011-02-18","Jaume Collet-Serra"
tt0116483,7,2014-08-31,"Happy Gilmore","Happy Gilmore",https://www.imdb.com/title/tt0116483,Movie,7.0,92,1996,"Sport, Comedy",309383,"1996-02-16","Dennis Dugan"
tt1535108,6,2014-08-31,"Elysium","Elysium",https://www.imdb.com/title/tt1535108,Movie,6.6,109,2013,"Drama, Sci-Fi, Action, Thriller",492797,"2013-08-09","Neill Blomkamp"
tt1796960,8,2014-08-31,"Homeland","Homeland",https://www.imdb.com/title/tt1796960,TV Series,8.3,60,2011,"Drama, Mystery, Thriller, Crime",386071,"2011-10-02",
tt0413300,5,2014-08-31,"Spider-Man 3","Spider-Man 3",https://www.imdb.com/title/tt0413300,Movie,6.3,139,2007,"Action, Sci-Fi, Adventure",704583,"2007-05-04","Sam Raimi"
tt0948470,7,2014-08-31,"The Amazing Spider-Man","The Amazing Spider-Man",https://www.imdb.com/title/tt0948470,Movie,6.9,136,2012,"Action, Sci-Fi",770599,"2012-07-03","Marc Webb"
tt1483013,6,2014-08-31,"Oblivion","Oblivion",https://www.imdb.com/title/tt1483013,Movie,7.0,124,2013,"Action, Sci-Fi, Adventure",587991,"2013-04-19","Joseph Kosinski"
tt1054606,6,2014-08-31,"The Imaginarium of Doctor Parnassus","The Imaginarium of Doctor Parnassus",https://www.imdb.com/title/tt1054606,Movie,6.7,123,2009,"Fantasy, Adventure, Mystery, Comedy",157903,"2010-01-08","Terry Gilliam"
tt1856010,9,2014-08-31,"House of Cards","House of Cards",https://www.imdb.com/title/tt1856010,TV Series,8.6,50,2013,"Drama, Thriller",560856,"2013-02-01",
tt0096874,8,2014-08-31,"Back to the Future Part II","Back to the Future Part II",https://www.imdb.com/title/tt0096874,Movie,7.8,108,1989,"Adventure, Sci-Fi, Comedy",624735,"1989-11-22","Robert Zemeckis"
tt1602620,6,2014-08-31,"Amour","Amour",https://www.imdb.com/title/tt1602620,Movie,7.9,127,2012,"Drama",110886,"2012-09-20","Michael Haneke"
tt1560747,5,2014-08-31,"The Master","The Master",https://www.imdb.com/title/tt1560747,Movie,7.1,138,2012,"Drama",202096,"2012-09-21","Paul Thomas Anderson"
tt1555149,8,2014-08-31,"Elite Squad 2: The Enemy Within","Tropa de Elite 2: O Inimigo Agora é Outro",https://www.imdb.com/title/tt1555149,Movie,8.0,115,2010,"Crime, Drama, Thriller",92504,"2010-10-08","José Padilha"
tt0272152,5,2014-08-31,"K-PAX","K-PAX",https://www.imdb.com/title/tt0272152,Movie,7.4,120,2001,"Mystery, Sci-Fi, Drama",203343,"2001-10-26","Iain Softley"
tt0145487,7,2014-08-31,"Spider-Man","Spider-Man",https://www.imdb.com/title/tt0145487,Movie,7.4,121,2002,"Adventure, Sci-Fi, Action",974278,"2002-05-03","Sam Raimi"
tt1872181,7,2014-08-31,"The Amazing Spider-Man 2","The Amazing Spider-Man 2",https://www.imdb.com/title/tt1872181,Movie,6.6,142,2014,"Action, Adventure, Sci-Fi",594785,"2014-05-02","Marc Webb"
tt0097202,7,2014-08-31,"The Killer","Dip huet seung hung",https://www.imdb.com/title/tt0097202,Movie,7.7,111,1989,"Crime, Action, Drama, Thriller",55794,"1990-09","John Woo"
tt0217505,7,2014-08-31,"Gangs of New York","Gangs of New York",https://www.imdb.com/title/tt0217505,Movie,7.5,167,2002,"Crime, Drama",507610,"2002-12-20","Martin Scorsese"
tt0831387,5,2014-08-24,"Godzilla","Godzilla",https://www.imdb.com/title/tt0831387,Movie,6.4,123,2014,"Action, Sci-Fi, Adventure, Thriller",466169,"2014-05-16","Gareth Edwards"
tt0458525,7,2014-08-22,"X-Men Origins: Wolverine","X-Men Origins: Wolverine",https://www.imdb.com/title/tt0458525,Movie,6.5,107,2009,"Action, Sci-Fi",569797,"2009-05-01","Gavin Hood"
tt1234721,7,2014-08-22,"RoboCop","RoboCop",https://www.imdb.com/title/tt1234721,Movie,6.1,117,2014,"Action, Sci-Fi, Thriller, Crime",249657,"2014-02-12","José Padilha"
tt0409184,8,2014-08-22,"Russian Dolls","Les poupées russes",https://www.imdb.com/title/tt0409184,Movie,6.9,125,2005,"Romance, Comedy, Drama",21968,"2005-06-15","Cédric Klapisch"
tt1397280,6,2014-08-22,"Taken 2","Taken 2",https://www.imdb.com/title/tt1397280,Movie,6.2,92,2012,"Action, Thriller, Crime",337772,"2012-10-05","Olivier Megaton"
tt0120903,7,2014-08-22,"X-Men","X-Men",https://www.imdb.com/title/tt0120903,Movie,7.3,104,2000,"Adventure, Sci-Fi, Action",694359,"2000-07-14","Bryan Singer"
tt1877832,7,2014-08-22,"X-Men: Days of Future Past","X-Men: Days of Future Past",https://www.imdb.com/title/tt1877832,Movie,7.9,132,2014,"Action, Sci-Fi, Thriller, Adventure",790498,"2014-05-23","Bryan Singer"
tt0093779,7,2014-08-20,"The Princess Bride","The Princess Bride",https://www.imdb.com/title/tt0093779,Movie,8.0,98,1987,"Family, Comedy, Romance, Adventure, Fantasy",487894,"1987-10-09","Rob Reiner"
tt2004420,7,2014-08-13,"Neighbors","Neighbors",https://www.imdb.com/title/tt2004420,Movie,6.3,97,2014,"Comedy",346683,"2014-05-09","Nicholas Stoller"
tt1189340,8,2014-08-12,"The Lincoln Lawyer","The Lincoln Lawyer",https://www.imdb.com/title/tt1189340,Movie,7.3,118,2011,"Drama, Crime, Thriller, Mystery",271248,"2011-03-18","Brad Furman"
tt0238380,7,2014-08-10,"Equilibrium","Equilibrium",https://www.imdb.com/title/tt0238380,Movie,7.3,107,2002,"Drama, Sci-Fi, Thriller, Action",363283,"2002-12-06","Kurt Wimmer"
tt0117060,7,2014-08-06,"Mission: Impossible","Mission: Impossible",https://www.imdb.com/title/tt0117060,Movie,7.2,110,1996,"Thriller, Adventure, Action",519925,"1996-05-22","Brian De Palma"
tt1951264,7,2014-08-02,"The Hunger Games: Catching Fire","The Hunger Games: Catching Fire",https://www.imdb.com/title/tt1951264,Movie,7.5,146,2013,"Sci-Fi, Thriller, Action, Adventure, Romance",777268,"2013-11-22","Francis Lawrence"
tt1392170,7,2014-07-30,"The Hunger Games","The Hunger Games",https://www.imdb.com/title/tt1392170,Movie,7.2,142,2012,"Adventure, Sci-Fi, Thriller, Action",1086487,"2012-03-23","Gary Ross"
tt2334873,8,2014-07-28,"Blue Jasmine","Blue Jasmine",https://www.imdb.com/title/tt2334873,Movie,7.3,98,2013,"Drama, Comedy, Romance",220374,"2013-08-23","Woody Allen"
tt0088847,7,2014-07-28,"The Breakfast Club","The Breakfast Club",https://www.imdb.com/title/tt0088847,Movie,7.8,97,1985,"Comedy, Drama",474628,"1985-02-15","John Hughes"
tt0087182,6,2014-07-28,"Dune","Dune",https://www.imdb.com/title/tt0087182,Movie,6.2,137,1984,"Sci-Fi, Adventure, Action",193276,"1984-12-14","David Lynch"
tt0816711,7,2014-07-28,"World War Z","World War Z",https://www.imdb.com/title/tt0816711,Movie,7.0,116,2013,"Action, Adventure, Horror, Sci-Fi",787777,"2013-06-21","Marc Forster"
tt1139328,7,2014-07-28,"The Ghost Writer","The Ghost Writer",https://www.imdb.com/title/tt1139328,Movie,7.2,128,2010,"Mystery, Thriller, Drama, Crime",177127,"2010-03-19","Roman Polanski"
tt1289406,8,2014-07-28,"Harry Brown","Harry Brown",https://www.imdb.com/title/tt1289406,Movie,7.2,103,2009,"Thriller, Crime, Drama, Action",94933,"2010-05-14","Daniel Barber"
tt2390361,7,2014-07-28,"Enough Said","Enough Said",https://www.imdb.com/title/tt2390361,Movie,7.0,93,2013,"Comedy, Drama, Romance",70470,"2013-10-11","Nicole Holofcener"
tt1343092,6,2014-07-28,"The Great Gatsby","The Great Gatsby",https://www.imdb.com/title/tt1343092,Movie,7.2,143,2013,"Drama, Romance",645458,"2013-05-10","Baz Luhrmann"
tt0399146,7,2014-07-28,"A History of Violence","A History of Violence",https://www.imdb.com/title/tt0399146,Movie,7.4,96,2005,"Drama, Thriller, Action, Crime",275152,"2005-09-30","David Cronenberg"
tt1034303,7,2014-07-28,"Defiance","Defiance",https://www.imdb.com/title/tt1034303,Movie,7.1,137,2008,"Drama, War, Thriller, Action, History",161373,"2009-01-16","Edward Zwick"
tt0120855,7,2014-07-28,"Tarzan","Tarzan",https://www.imdb.com/title/tt0120855,Movie,7.3,88,1999,"Animation, Drama, Comedy, Adventure, Family",270273,"1999-06-18","Chris Buck,Kevin Lima"
tt1399103,6,2014-07-28,"Transformers: Dark of the Moon","Transformers: Dark of the Moon",https://www.imdb.com/title/tt1399103,Movie,6.2,154,2011,"Action, Adventure, Sci-Fi, Comedy, Thriller",457583,"2011-06-29","Michael Bay"
tt0119822,8,2014-07-28,"As Good as It Gets","As Good as It Gets",https://www.imdb.com/title/tt0119822,Movie,7.7,139,1997,"Romance, Drama, Comedy",338636,"1997-12-25","James L. Brooks"
tt1488555,6,2014-07-28,"The Change-Up","The Change-Up",https://www.imdb.com/title/tt1488555,Movie,6.3,112,2011,"Comedy, Fantasy",206256,"2011-08-05","David Dobkin"
tt1403865,7,2014-07-28,"True Grit","True Grit",https://www.imdb.com/title/tt1403865,Movie,7.6,110,2010,"Drama, Western",377587,"2010-12-22","Ethan Coen,Joel Coen"
tt0379725,7,2014-07-28,"Capote","Capote",https://www.imdb.com/title/tt0379725,Movie,7.3,114,2005,"Drama, Crime, Biography, History",149757,"2006-02-03","Bennett Miller"
tt0307987,7,2014-07-28,"Bad Santa","Bad Santa",https://www.imdb.com/title/tt0307987,Movie,7.0,92,2003,"Drama, Crime, Comedy",168063,"2003-11-26","Terry Zwigoff"
tt0109831,7,2014-07-28,"Four Weddings and a Funeral","Four Weddings and a Funeral",https://www.imdb.com/title/tt0109831,Movie,7.1,117,1994,"Drama, Romance, Comedy",183018,"1994-04-15","Mike Newell"
tt0467406,7,2014-07-28,"Juno","Juno",https://www.imdb.com/title/tt0467406,Movie,7.4,96,2007,"Comedy, Drama",573426,"2007-12-25","Jason Reitman"
tt0481499,6,2014-07-28,"The Croods","The Croods",https://www.imdb.com/title/tt0481499,Movie,7.1,98,2013,"Animation, Adventure, Comedy, Family, Fantasy",253060,"2013-03-22","Kirk DeMicco,Chris Sanders"
tt0409459,7,2014-07-28,"Watchmen","Watchmen",https://www.imdb.com/title/tt0409459,Movie,7.6,162,2009,"Sci-Fi, Action, Mystery, Drama",613170,"2009-03-06","Zack Snyder"
tt0116695,7,2014-07-28,"Jerry Maguire","Jerry Maguire",https://www.imdb.com/title/tt0116695,Movie,7.3,139,1996,"Sport, Romance, Drama, Comedy",313423,"1996-12-13","Cameron Crowe"
tt1935179,7,2014-07-28,"Mud","Mud",https://www.imdb.com/title/tt1935179,Movie,7.3,130,2012,"Drama, Adventure",200378,"2013-05-10","Jeff Nichols"
tt1649419,7,2014-07-28,"The Impossible","Lo imposible",https://www.imdb.com/title/tt1649419,Movie,7.5,114,2012,"Thriller, Drama, History",264265,"2013-01-04","J.A. Bayona"
tt0861739,8,2014-07-28,"Elite Squad","Tropa de Elite",https://www.imdb.com/title/tt0861739,Movie,8.0,115,2007,"Drama, Crime, Thriller, Action",120087,"2007-10-12","José Padilha"
tt1800241,7,2014-07-28,"American Hustle","American Hustle",https://www.imdb.com/title/tt1800241,Movie,7.2,138,2013,"Drama, Crime",520197,"2013-12-20","David O. Russell"
tt0343818,6,2014-07-28,"I, Robot","I, Robot",https://www.imdb.com/title/tt0343818,Movie,7.1,115,2004,"Action, Mystery, Sci-Fi, Thriller",617042,"2004-07-16","Alex Proyas"
tt0848537,6,2014-07-28,"Epic","Epic",https://www.imdb.com/title/tt0848537,Movie,6.6,102,2013,"Animation, Adventure, Family, Fantasy, Action, Thriller",114803,"2013-05-24","Chris Wedge"
tt0289879,9,2014-07-28,"The Butterfly Effect","The Butterfly Effect",https://www.imdb.com/title/tt0289879,Movie,7.6,113,2004,"Sci-Fi, Drama, Thriller",557353,"2004-01-23","Eric Bress,J. Mackye Gruber"
tt1843866,7,2014-07-28,"Captain America: The Winter Soldier","Captain America: The Winter Soldier",https://www.imdb.com/title/tt1843866,Movie,7.7,136,2014,"Action, Adventure, Sci-Fi, Thriller",976860,"2014-04-04","Anthony Russo,Joe Russo"
tt1285016,8,2014-07-28,"The Social Network","The Social Network",https://www.imdb.com/title/tt1285016,Movie,7.8,120,2010,"Drama, Biography",823200,"2010-10-01","David Fincher"
tt1013753,7,2014-07-28,"Milk","Milk",https://www.imdb.com/title/tt1013753,Movie,7.5,128,2008,"Biography, Drama, History",186434,"2009-01-30","Gus Van Sant"
tt0429493,6,2014-07-28,"The A-Team","The A-Team",https://www.imdb.com/title/tt0429493,Movie,6.7,117,2010,"Action, Adventure, Thriller, Crime",277773,"2010-06-11","Joe Carnahan"
tt0955308,6,2014-07-28,"Robin Hood","Robin Hood",https://www.imdb.com/title/tt0955308,Movie,6.6,140,2010,"Drama, Action, History, Adventure",297039,"2010-05-14","Ridley Scott"
tt1194173,6,2014-07-28,"The Bourne Legacy","The Bourne Legacy",https://www.imdb.com/title/tt1194173,Movie,6.6,135,2012,"Action, Adventure, Thriller",329085,"2012-08-10","Tony Gilroy"
tt1430132,7,2014-07-28,"The Wolverine","The Wolverine",https://www.imdb.com/title/tt1430132,Movie,6.7,126,2013,"Action, Sci-Fi",525560,"2013-07-26","James Mangold"
tt0397892,6,2014-07-28,"Bolt","Bolt",https://www.imdb.com/title/tt0397892,Movie,6.8,96,2008,"Animation, Family, Comedy, Adventure, Crime, Drama, Sci-Fi",249434,"2008-11-21","Byron Howard,Chris Williams"
tt0887883,7,2014-07-28,"Burn After Reading","Burn After Reading",https://www.imdb.com/title/tt0887883,Movie,7.0,96,2008,"Comedy, Drama, Crime, Thriller",377886,"2008-09-12","Ethan Coen,Joel Coen"
tt1659337,7,2014-07-28,"The Perks of Being a Wallflower","The Perks of Being a Wallflower",https://www.imdb.com/title/tt1659337,Movie,7.9,103,2012,"Drama",600399,"2012-10-12","Stephen Chbosky"
tt1616195,6,2014-07-28,"J. Edgar","J. Edgar",https://www.imdb.com/title/tt1616195,Movie,6.5,137,2011,"Biography, Drama, Romance",138569,"2011-11-11","Clint Eastwood"
tt0118884,7,2014-07-28,"Contact","Contact",https://www.imdb.com/title/tt0118884,Movie,7.5,150,1997,"Mystery, Thriller, Sci-Fi, Drama",315118,"1997-07-11","Robert Zemeckis"
tt1270798,8,2014-07-28,"X-Men: First Class","X: First Class",https://www.imdb.com/title/tt1270798,Movie,7.7,131,2011,"Action, Sci-Fi",766501,"2011-06-03","Matthew Vaughn"
tt0407304,6,2014-07-28,"War of the Worlds","War of the Worlds",https://www.imdb.com/title/tt0407304,Movie,6.6,117,2005,"Sci-Fi, Adventure, Action",510004,"2005-06-29","Steven Spielberg"
tt0119094,9,2014-07-28,"Face/Off","Face/Off",https://www.imdb.com/title/tt0119094,Movie,7.3,138,1997,"Crime, Thriller, Action, Sci-Fi",428812,"1997-06-27","John Woo"
tt0448134,7,2014-07-27,"Sunshine","Sunshine",https://www.imdb.com/title/tt0448134,Movie,7.2,107,2007,"Sci-Fi, Thriller",288703,"2007-07-27","Danny Boyle"
tt0830515,6,2014-07-27,"Quantum of Solace","Quantum of Solace",https://www.imdb.com/title/tt0830515,Movie,6.5,106,2008,"Action, Adventure, Thriller, Mystery",500089,"2008-11-14","Marc Forster"
tt0408306,7,2014-07-27,"Munich","Munich",https://www.imdb.com/title/tt0408306,Movie,7.5,164,2005,"Drama, Thriller, History",254467,"2006-01-06","Steven Spielberg"
tt0099348,8,2014-07-27,"Dances with Wolves","Dances with Wolves",https://www.imdb.com/title/tt0099348,Movie,8.0,181,1990,"Drama, Adventure, Western",311421,"1990-11-21","Kevin Costner"
tt0340377,7,2014-07-27,"The Station Agent","The Station Agent",https://www.imdb.com/title/tt0340377,Movie,7.6,89,2003,"Comedy, Drama",80529,"2003-12-05","Tom McCarthy"
tt0276751,7,2014-07-27,"About a Boy","About a Boy",https://www.imdb.com/title/tt0276751,Movie,7.1,101,2002,"Romance, Drama, Comedy",199300,"2002-05-17","Chris Weitz,Paul Weitz"
tt0091042,6,2014-07-27,"Ferris Bueller's Day Off","Ferris Bueller's Day Off",https://www.imdb.com/title/tt0091042,Movie,7.8,103,1986,"Comedy",418019,"1986-06-11","John Hughes"
tt1091191,7,2014-07-26,"Lone Survivor","Lone Survivor",https://www.imdb.com/title/tt1091191,Movie,7.5,121,2013,"Action, Drama, War, Biography",324999,"2014-01-10","Peter Berg"
tt1840309,7,2014-07-25,"Divergent","Divergent",https://www.imdb.com/title/tt1840309,Movie,6.6,139,2014,"Mystery, Sci-Fi, Adventure, Action, Drama",520185,"2014-03-21","Neil Burger"
tt0120907,6,2014-07-23,"eXistenZ","eXistenZ",https://www.imdb.com/title/tt0120907,Movie,6.8,97,1999,"Mystery, Thriller, Horror, Sci-Fi",114160,"1999-04-23","David Cronenberg"
tt2431286,7,2014-07-19,"Philomena","Philomena",https://www.imdb.com/title/tt2431286,Movie,7.6,98,2013,"Drama, Biography, Comedy",107475,"2013-11-27","Stephen Frears"
tt1706620,6,2014-07-19,"Snowpiercer","Snowpiercer",https://www.imdb.com/title/tt1706620,Movie,7.1,126,2013,"Sci-Fi, Thriller, Action, Drama",422675,"2014-07-11","Bong Joon Ho"
tt2209764,6,2014-07-19,"Transcendence","Transcendence",https://www.imdb.com/title/tt2209764,Movie,6.2,119,2014,"Drama, Sci-Fi, Thriller",247609,"2014-04-18","Wally Pfister"
tt0338751,7,2014-07-15,"The Aviator","The Aviator",https://www.imdb.com/title/tt0338751,Movie,7.5,170,2004,"Biography, Drama",410317,"2004-12-25","Martin Scorsese"
tt1490017,6,2014-07-06,"The Lego Movie","The LEGO Movie",https://www.imdb.com/title/tt1490017,Movie,7.7,100,2014,"Animation, Comedy, Family, Adventure, Fantasy, Sci-Fi, Action",418315,"2014-02-07","Phil Lord,Christopher Miller"
tt1206543,7,2014-07-06,"Out of the Furnace","Out of the Furnace",https://www.imdb.com/title/tt1206543,Movie,6.7,116,2013,"Thriller, Drama, Crime",132843,"2013-12-06","Scott Cooper"
tt0104684,8,2014-06-23,"Hard Boiled","Lat sau san taam",https://www.imdb.com/title/tt0104684,Movie,7.7,128,1992,"Action, Crime, Thriller",60106,"2025-06-24","John Woo"
tt2278388,8,2014-06-11,"The Grand Budapest Hotel","The Grand Budapest Hotel",https://www.imdb.com/title/tt2278388,Movie,8.1,99,2014,"Comedy, Drama",977327,"2014-03-28","Wes Anderson"
tt0162346,7,2014-05-13,"Ghost World","Ghost World",https://www.imdb.com/title/tt0162346,Movie,7.3,111,2001,"Drama, Comedy",131252,"2001-09-21","Terry Zwigoff"
tt1937118,8,2014-05-10,"Chinese Puzzle","Casse-tête chinois",https://www.imdb.com/title/tt1937118,Movie,6.9,117,2013,"Drama, Comedy, Romance",15912,"2014-05-16","Cédric Klapisch"
tt0096969,8,2014-05-10,"Born on the Fourth of July","Born on the Fourth of July",https://www.imdb.com/title/tt0096969,Movie,7.2,145,1989,"Biography, Drama, War",125082,"1990-01-05","Oliver Stone"
tt0367882,6,2014-05-10,"Indiana Jones and the Kingdom of the Crystal Skull","Indiana Jones and the Kingdom of the Crystal Skull",https://www.imdb.com/title/tt0367882,Movie,6.2,122,2008,"Action, Adventure",515526,"2008-05-22","Steven Spielberg"
tt1033575,7,2014-05-10,"The Descendants","The Descendants",https://www.imdb.com/title/tt1033575,Movie,7.3,115,2011,"Drama, Comedy",260272,"2011-12-09","Alexander Payne"
tt1386932,5,2014-05-06,"Ip Man 2","Yip Man 2",https://www.imdb.com/title/tt1386932,Movie,7.5,108,2010,"Action, Biography, Drama, History",117202,"2025-10-05","Wilson Yip"
tt0181689,8,2014-05-06,"Minority Report","Minority Report",https://www.imdb.com/title/tt0181689,Movie,7.6,145,2002,"Crime, Sci-Fi, Mystery, Thriller, Action",623318,"2002-06-21","Steven Spielberg"
tt0116282,8,2014-05-04,"Fargo","Fargo",https://www.imdb.com/title/tt0116282,Movie,8.1,98,1996,"Drama, Thriller, Crime",789985,"1996-04-05","Joel Coen,Ethan Coen"
tt1306980,7,2014-05-03,"50/50","50/50",https://www.imdb.com/title/tt1306980,Movie,7.6,100,2011,"Comedy, Drama, Romance",355114,"2011-09-30","Jonathan Levine"
tt0120794,8,2014-05-03,"The Prince of Egypt","The Prince of Egypt",https://www.imdb.com/title/tt0120794,Movie,7.2,99,1998,"Animation, Musical, Adventure, Fantasy, Drama, Family",163259,"1998-12-18","Brenda Chapman,Steve Hickner,Simon Wells"
tt1024648,8,2014-05-03,"Argo","Argo",https://www.imdb.com/title/tt1024648,Movie,7.7,120,2012,"Thriller, Drama, Biography, History",669247,"2012-10-12","Ben Affleck"
tt0450188,6,2014-05-03,"La Vie En Rose","La Môme",https://www.imdb.com/title/tt0450188,Movie,7.5,140,2007,"Drama, Biography, Music, Romance",94279,"2007-07-20","Olivier Dahan"
tt0427944,8,2014-05-03,"Thank You for Smoking","Thank You for Smoking",https://www.imdb.com/title/tt0427944,Movie,7.5,92,2005,"Comedy, Drama",236177,"2006-04-14","Jason Reitman"
tt0800080,5,2014-05-03,"The Incredible Hulk","The Incredible Hulk",https://www.imdb.com/title/tt0800080,Movie,6.6,112,2008,"Action, Sci-Fi",567724,"2008-06-13","Louis Leterrier"
tt1798709,8,2014-04-29,"Her","Her",https://www.imdb.com/title/tt1798709,Movie,8.0,126,2013,"Romance, Sci-Fi, Drama",729550,"2014-01-10","Spike Jonze"
tt1637688,6,2014-04-27,"In Time","In Time",https://www.imdb.com/title/tt1637688,Movie,6.7,109,2011,"Sci-Fi, Thriller, Action",485850,"2011-10-28","Andrew Niccol"
tt0317219,7,2014-04-17,"Cars","Cars",https://www.imdb.com/title/tt0317219,Movie,7.3,116,2006,"Animation, Family, Sport, Comedy, Adventure",541308,"2006-06-09","John Lasseter,Joe Ranft"
tt1007028,6,2014-04-17,"Zack and Miri Make a Porno","Zack and Miri Make a Porno",https://www.imdb.com/title/tt1007028,Movie,6.5,101,2008,"Comedy, Romance",186988,"2008-10-31","Kevin Smith"
tt1210819,7,2014-04-15,"The Lone Ranger","The Lone Ranger",https://www.imdb.com/title/tt1210819,Movie,6.4,150,2013,"Action, Adventure, Western, Drama",253699,"2013-07-03","Gore Verbinski"
tt1535109,7,2014-04-15,"Captain Phillips","Captain Phillips",https://www.imdb.com/title/tt1535109,Movie,7.8,134,2013,"Drama, Biography, Thriller, Crime, Action",520648,"2013-10-11","Paul Greengrass"
tt0100935,7,2014-04-15,"Wild at Heart","Wild at Heart",https://www.imdb.com/title/tt0100935,Movie,7.2,125,1990,"Crime, Thriller, Drama",112004,"1990-08-17","David Lynch"
tt1454029,8,2014-04-12,"The Help","The Help",https://www.imdb.com/title/tt1454029,Movie,8.1,146,2011,"Drama",530172,"2011-08-10","Tate Taylor"
tt1542344,7,2014-04-11,"127 Hours","127 Hours",https://www.imdb.com/title/tt1542344,Movie,7.5,94,2010,"Drama, Biography",425876,"2011-01-28","Danny Boyle"
tt0085794,8,2014-04-11,"The King of Comedy","The King of Comedy",https://www.imdb.com/title/tt0085794,Movie,7.8,109,1982,"Thriller, Crime, Drama, Comedy",133990,"1982-12-18","Martin Scorsese"
tt0359950,6,2014-03-28,"The Secret Life of Walter Mitty","The Secret Life of Walter Mitty",https://www.imdb.com/title/tt0359950,Movie,7.3,114,2013,"Drama, Fantasy, Romance, Adventure, Comedy",374029,"2013-12-25","Ben Stiller"
tt1474684,8,2014-03-16,"Luther","Luther",https://www.imdb.com/title/tt1474684,TV Series,8.4,60,2010,"Crime, Drama, Mystery, Thriller",164209,"2010-10-17",
tt0095159,7,2014-03-16,"A Fish Called Wanda","A Fish Called Wanda",https://www.imdb.com/title/tt0095159,Movie,7.5,108,1988,"Crime, Comedy",166224,"1988-07-29","Charles Crichton,John Cleese"
tt0489099,5,2014-03-11,"Jumper","Jumper",https://www.imdb.com/title/tt0489099,Movie,6.1,88,2008,"Adventure, Sci-Fi, Thriller, Action",338623,"2008-02-14","Doug Liman"
tt0309698,7,2014-03-11,"Identity","Identity",https://www.imdb.com/title/tt0309698,Movie,7.3,90,2003,"Thriller, Mystery",294747,"2003-04-25","James Mangold"
tt1104001,5,2014-03-11,"Tron: Legacy","Tron: Legacy",https://www.imdb.com/title/tt1104001,Movie,6.8,125,2010,"Action, Adventure, Sci-Fi",388230,"2010-12-17","Joseph Kosinski"
tt0243133,9,2014-03-11,"The Man Who Wasn't There","The Man Who Wasn't There",https://www.imdb.com/title/tt0243133,Movie,7.5,116,2001,"Crime, Drama",120772,"2001-11-16","Joel Coen,Ethan Coen"
tt0465538,5,2014-03-11,"Michael Clayton","Michael Clayton",https://www.imdb.com/title/tt0465538,Movie,7.2,119,2007,"Drama, Thriller, Crime, Mystery",184425,"2007-10-12","Tony Gilroy"
tt0108330,8,2014-03-11,"This Boy's Life","This Boy's Life",https://www.imdb.com/title/tt0108330,Movie,7.2,115,1993,"Biography, Drama",62500,"1993-04-23","Michael Caton-Jones"
tt0120347,4,2014-03-11,"Tomorrow Never Dies","Tomorrow Never Dies",https://www.imdb.com/title/tt0120347,Movie,6.5,119,1997,"Thriller, Adventure, Action",216760,"1997-12-19","Roger Spottiswoode"
tt0115734,7,2014-03-11,"Bottle Rocket","Bottle Rocket",https://www.imdb.com/title/tt0115734,Movie,6.9,91,1996,"Drama, Crime, Comedy",88645,"1996-02-21","Wes Anderson"
tt0316654,6,2014-03-11,"Spider-Man 2","Spider-Man 2",https://www.imdb.com/title/tt0316654,Movie,7.5,127,2004,"Sci-Fi, Adventure, Action",790311,"2004-06-30","Sam Raimi"
tt0278504,7,2014-03-11,"Insomnia","Insomnia",https://www.imdb.com/title/tt0278504,Movie,7.2,118,2002,"Mystery, Drama, Thriller",344878,"2002-05-24","Christopher Nolan"
tt0449467,7,2014-03-11,"Babel","Babel",https://www.imdb.com/title/tt0449467,Movie,7.4,143,2006,"Drama",329812,"2006-11-10","Alejandro G. Iñárritu"
tt2024544,7,2014-03-07,"12 Years a Slave","12 Years a Slave",https://www.imdb.com/title/tt2024544,Movie,8.1,134,2013,"Drama, History, Biography",789671,"2013-11-08","Steve McQueen"
tt1132620,8,2014-02-26,"The Girl with the Dragon Tattoo","Män som hatar kvinnor",https://www.imdb.com/title/tt1132620,Movie,7.8,152,2009,"Thriller, Mystery, Drama, Crime",231127,"2010-04-30","Niels Arden Oplev"
tt0114369,8,2014-02-26,"Seven","Se7en",https://www.imdb.com/title/tt0114369,Movie,8.6,127,1995,"Mystery, Drama, Crime, Thriller",2034332,"1995-09-22","David Fincher"
tt1408101,8,2014-02-26,"Star Trek Into Darkness","Star Trek Into Darkness",https://www.imdb.com/title/tt1408101,Movie,7.7,132,2013,"Action, Adventure, Sci-Fi",511210,"2013-05-16","J.J. Abrams"
tt0146882,7,2014-02-26,"High Fidelity","High Fidelity",https://www.imdb.com/title/tt0146882,Movie,7.4,113,2000,"Music, Romance, Drama, Comedy",199785,"2000-03-31","Stephen Frears"
tt1232829,6,2014-02-26,"21 Jump Street","21 Jump Street",https://www.imdb.com/title/tt1232829,Movie,7.2,109,2012,"Action, Comedy, Crime",649803,"2012-03-16","Phil Lord,Christopher Miller"
tt1524137,7,2014-02-26,"Contraband","Contraband",https://www.imdb.com/title/tt1524137,Movie,6.4,109,2012,"Thriller, Crime, Action, Drama, Adventure, Mystery",129443,"2012-01-13","Baltasar Kormákur"
tt0114709,7,2014-02-26,"Toy Story","Toy Story",https://www.imdb.com/title/tt0114709,Movie,8.3,81,1995,"Animation, Adventure, Comedy, Family, Fantasy",1185257,"1995-11-22","John Lasseter"
tt1727388,5,2014-02-24,"The Way Way Back","The Way, Way Back",https://www.imdb.com/title/tt1727388,Movie,7.4,103,2013,"Comedy, Drama",164425,"2013-07-26","Nat Faxon,Jim Rash"
tt0109830,9,2014-02-23,"Forrest Gump","Forrest Gump",https://www.imdb.com/title/tt0109830,Movie,8.8,142,1994,"Romance, Drama",2508831,"1994-07-06","Robert Zemeckis"
tt0111161,9,2014-02-23,"The Shawshank Redemption","The Shawshank Redemption",https://www.imdb.com/title/tt0111161,Movie,9.3,142,1994,"Drama",3205756,"1994-10-14","Frank Darabont"
tt1041829,6,2014-02-23,"The Proposal","The Proposal",https://www.imdb.com/title/tt1041829,Movie,6.8,108,2009,"Comedy, Romance, Drama",399871,"2009-06-19","Anne Fletcher"
tt1263670,7,2014-02-23,"Crazy Heart","Crazy Heart",https://www.imdb.com/title/tt1263670,Movie,7.2,112,2009,"Drama, Music, Romance",99408,"2010-02-05","Scott Cooper"
tt0200550,5,2014-02-23,"Coyote Ugly","Coyote Ugly",https://www.imdb.com/title/tt0200550,Movie,5.8,100,2000,"Music, Romance, Drama, Comedy",128002,"2000-08-04","David McNally"
tt0118842,7,2014-02-23,"Chasing Amy","Chasing Amy",https://www.imdb.com/title/tt0118842,Movie,7.2,113,1997,"Drama, Romance, Comedy",148701,"1997-04-18","Kevin Smith"
tt0120888,7,2014-02-23,"The Wedding Singer","The Wedding Singer",https://www.imdb.com/title/tt0120888,Movie,6.9,97,1998,"Music, Romance, Comedy",174187,"1998-02-13","Frank Coraci"
tt0800039,8,2014-02-23,"Forgetting Sarah Marshall","Forgetting Sarah Marshall",https://www.imdb.com/title/tt0800039,Movie,7.1,111,2008,"Comedy, Romance, Drama",320817,"2008-04-18","Nicholas Stoller"
tt0393162,7,2014-02-23,"Coach Carter","Coach Carter",https://www.imdb.com/title/tt0393162,Movie,7.4,136,2005,"Drama, Sport, Biography",193766,"2005-01-14","Thomas Carter"
tt0256524,6,2014-02-23,"The Curse of the Jade Scorpion","The Curse of the Jade Scorpion",https://www.imdb.com/title/tt0256524,Movie,6.7,103,2001,"Romance, Crime, Mystery, Comedy",43002,"2001-08-24","Woody Allen"
tt0110932,7,2014-02-13,"Quiz Show","Quiz Show",https://www.imdb.com/title/tt0110932,Movie,7.5,133,1994,"History, Biography, Drama",78026,"1994-10-07","Robert Redford"
tt1670345,7,2014-02-10,"Now You See Me","Now You See Me",https://www.imdb.com/title/tt1670345,Movie,7.2,115,2013,"Thriller, Crime, Mystery",774052,"2013-05-31","Louis Leterrier"
tt0307901,6,2014-02-10,"25th Hour","25th Hour",https://www.imdb.com/title/tt0307901,Movie,7.6,135,2002,"Drama",190821,"2003-01-10","Spike Lee"
tt0087843,8,2014-02-10,"Once Upon a Time in America","C'era una volta in America",https://www.imdb.com/title/tt0087843,Movie,8.3,229,1984,"Crime, Drama",409567,"1984-06-01","Sergio Leone"
tt0313542,7,2014-02-10,"Runaway Jury","Runaway Jury",https://www.imdb.com/title/tt0313542,Movie,7.1,127,2003,"Crime, Drama, Thriller",121935,"2003-10-17","Gary Fleder"
tt0870111,7,2014-02-08,"Frost/Nixon","Frost/Nixon",https://www.imdb.com/title/tt0870111,Movie,7.6,122,2008,"Drama, Biography, History",116123,"2009-01-23","Ron Howard"
tt0120577,5,2014-02-08,"54","54",https://www.imdb.com/title/tt0120577,Movie,5.9,93,1998,"Music, Drama",35842,"1998-08-28","Mark Christopher"
tt1568338,7,2014-02-06,"Man on a Ledge","Man on a Ledge",https://www.imdb.com/title/tt1568338,Movie,6.6,102,2012,"Thriller, Crime, Action",162518,"2012-01-27","Asger Leth"
tt1731141,5,2014-02-06,"Ender's Game","Ender's Game",https://www.imdb.com/title/tt1731141,Movie,6.6,114,2013,"Sci-Fi, Action, Adventure",265618,"2013-11-01","Gavin Hood"
tt1318514,8,2014-02-06,"Rise of the Planet of the Apes","Rise of the Planet of the Apes",https://www.imdb.com/title/tt1318514,Movie,7.6,105,2011,"Action, Sci-Fi, Drama, Thriller",607338,"2011-08-05","Rupert Wyatt"
tt1650554,6,2014-02-06,"Kick-Ass 2","Kick-Ass 2",https://www.imdb.com/title/tt1650554,Movie,6.5,103,2013,"Action, Comedy, Crime, Thriller, Drama",300887,"2013-08-16","Jeff Wadlow"
tt1291584,8,2014-02-06,"Warrior","Warrior",https://www.imdb.com/title/tt1291584,Movie,8.1,140,2011,"Drama, Sport, Action",530646,"2011-09-09","Gavin O'Connor"
tt1212450,6,2014-02-06,"Lawless","Lawless",https://www.imdb.com/title/tt1212450,Movie,7.2,116,2012,"Drama, Crime, Biography, Thriller",263248,"2012-08-29","John Hillcoat"
tt3063516,6,2014-02-06,"Jackass Presents: Bad Grandpa","Bad Grandpa",https://www.imdb.com/title/tt3063516,Movie,6.5,92,2013,"Comedy",101004,"2013-10-25","Jeff Tremaine"
tt0289043,6,2014-02-06,"28 Days Later","28 Days Later",https://www.imdb.com/title/tt0289043,Movie,7.5,113,2002,"Sci-Fi, Thriller, Drama, Horror",550988,"2003-06-27","Danny Boyle"
tt0903747,10,2014-02-06,"Breaking Bad","Breaking Bad",https://www.imdb.com/title/tt0903747,TV Series,9.5,48,2008,"Drama, Crime, Thriller",2641128,"2008-01-20",
tt0286716,3,2014-02-06,"Hulk","Hulk",https://www.imdb.com/title/tt0286716,Movie,5.7,138,2003,"Sci-Fi, Action",292727,"2003-06-20","Ang Lee"
tt0796366,6,2014-02-06,"Star Trek","Star Trek",https://www.imdb.com/title/tt0796366,Movie,7.9,127,2009,"Sci-Fi, Action, Adventure",639451,"2009-05-08","J.J. Abrams"
tt1228705,6,2014-02-06,"Iron Man 2","Iron Man 2",https://www.imdb.com/title/tt1228705,Movie,6.9,124,2010,"Action, Sci-Fi",943170,"2010-05-07","Jon Favreau"
tt0371746,7,2014-02-06,"Iron Man","Iron Man",https://www.imdb.com/title/tt0371746,Movie,7.9,126,2008,"Action, Sci-Fi, Adventure",1231330,"2008-05-02","Jon Favreau"
tt1219289,7,2014-02-06,"Limitless","Limitless",https://www.imdb.com/title/tt1219289,Movie,7.4,105,2011,"Thriller, Sci-Fi",650821,"2011-03-18","Neil Burger"
tt1049413,7,2014-02-06,"Up","Up",https://www.imdb.com/title/tt1049413,Movie,8.3,96,2009,"Animation, Family, Adventure, Comedy, Drama",1243536,"2009-05-29","Pete Docter,Bob Peterson"
tt0290002,6,2014-02-06,"Meet the Fockers","Meet the Fockers",https://www.imdb.com/title/tt0290002,Movie,6.4,115,2004,"Comedy, Romance",302345,"2004-12-22","Jay Roach"
tt0094012,5,2014-02-04,"Spaceballs","Spaceballs",https://www.imdb.com/title/tt0094012,Movie,7.1,96,1987,"Adventure, Sci-Fi, Comedy",227422,"1987-06-24","Mel Brooks"
tt0399201,7,2014-02-04,"The Island","The Island",https://www.imdb.com/title/tt0399201,Movie,6.8,136,2005,"Sci-Fi, Thriller, Action",343066,"2005-07-22","Michael Bay"
tt0093105,8,2014-02-04,"Good Morning, Vietnam","Good Morning, Vietnam",https://www.imdb.com/title/tt0093105,Movie,7.3,121,1987,"Biography, Drama, War, Comedy",166305,"1988-01-15","Barry Levinson"
tt0790636,7,2014-01-31,"Dallas Buyers Club","Dallas Buyers Club",https://www.imdb.com/title/tt0790636,Movie,7.9,117,2013,"Drama, Biography",550186,"2013-11-22","Jean-Marc Vallée"
tt0985699,6,2014-01-31,"Valkyrie","Valkyrie",https://www.imdb.com/title/tt0985699,Movie,7.1,121,2008,"Thriller, War, Drama, History",275709,"2008-12-25","Bryan Singer"
tt0333766,8,2014-01-31,"Garden State","Garden State",https://www.imdb.com/title/tt0333766,Movie,7.4,102,2004,"Comedy, Romance, Drama",228144,"2004-08-20","Zach Braff"
tt1450321,5,2014-01-26,"Filth","Filth",https://www.imdb.com/title/tt1450321,Movie,7.0,97,2013,"Comedy, Crime, Drama, Action",122655,"2014-04-24","Jon S. Baird"
tt1453405,6,2014-01-18,"Monsters University","Monsters University",https://www.imdb.com/title/tt1453405,Movie,7.2,104,2013,"Animation, Comedy, Adventure, Family, Fantasy",427382,"2013-06-21","Dan Scanlon"
tt1605783,7,2014-01-18,"Midnight in Paris","Midnight in Paris",https://www.imdb.com/title/tt1605783,Movie,7.6,94,2011,"Comedy, Romance, Fantasy",472387,"2011-06-10","Woody Allen"
tt0108160,5,2014-01-18,"Sleepless in Seattle","Sleepless in Seattle",https://www.imdb.com/title/tt0108160,Movie,6.8,105,1993,"Romance, Drama, Comedy",208334,"1993-06-25","Nora Ephron"
tt0118971,6,2014-01-18,"The Devil's Advocate","The Devil's Advocate",https://www.imdb.com/title/tt0118971,Movie,7.5,144,1997,"Thriller, Mystery, Fantasy, Drama",448110,"1997-10-17","Taylor Hackford"
tt0021749,9,2014-01-18,"City Lights","City Lights",https://www.imdb.com/title/tt0021749,Movie,8.5,87,1931,"Romance, Drama, Comedy",217102,"1931-03-07","Charles Chaplin"
tt0113189,7,2014-01-18,"GoldenEye","GoldenEye",https://www.imdb.com/title/tt0113189,Movie,7.2,130,1995,"Thriller, Adventure, Action",287435,"1995-11-17","Martin Campbell"
tt0389860,4,2014-01-18,"Click","Click",https://www.imdb.com/title/tt0389860,Movie,6.4,107,2006,"Comedy, Drama, Romance, Fantasy",389584,"2006-06-23","Frank Coraci"
tt0453467,6,2014-01-18,"Deja Vu","Deja Vu",https://www.imdb.com/title/tt0453467,Movie,7.1,126,2006,"Action, Thriller, Sci-Fi, Crime",346641,"2006-11-22","Tony Scott"
tt0245429,8,2014-01-18,"Spirited Away","Sen to Chihiro no kamikakushi",https://www.imdb.com/title/tt0245429,Movie,8.6,124,2001,"Animation, Family, Adventure, Fantasy",974311,"2003-03-28","Hayao Miyazaki"
tt2053463,6,2014-01-18,"Side Effects","Side Effects",https://www.imdb.com/title/tt2053463,Movie,7.0,106,2013,"Thriller, Crime, Drama, Mystery",206154,"2013-02-08","Steven Soderbergh"
tt0092067,8,2014-01-18,"Castle in the Sky","Tenkû no shiro Rapyuta",https://www.imdb.com/title/tt0092067,Movie,8.0,124,1986,"Animation, Fantasy, Family, Adventure",199241,"1991-07-19","Hayao Miyazaki"
tt0478311,8,2014-01-18,"Knocked Up","Knocked Up",https://www.imdb.com/title/tt0478311,Movie,6.9,129,2007,"Comedy, Romance",400848,"2007-06-01","Judd Apatow"
tt1723121,7,2014-01-18,"We're the Millers","We're the Millers",https://www.imdb.com/title/tt1723121,Movie,7.0,110,2013,"Comedy, Crime",526940,"2013-08-07","Rawson Marshall Thurber"
tt0139654,8,2014-01-18,"Training Day","Training Day",https://www.imdb.com/title/tt0139654,Movie,7.8,122,2001,"Crime, Drama, Thriller",519974,"2001-10-05","Antoine Fuqua"
tt0210945,7,2014-01-18,"Remember the Titans","Remember the Titans",https://www.imdb.com/title/tt0210945,Movie,7.8,113,2000,"Sport, Biography, Comedy, Drama",251039,"2000-09-29","Boaz Yakin"
tt0368891,7,2014-01-18,"National Treasure","National Treasure",https://www.imdb.com/title/tt0368891,Movie,6.9,131,2004,"Adventure, Action, Thriller, Mystery",379183,"2004-11-19","Jon Turteltaub"
tt0327597,7,2014-01-18,"Coraline","Coraline",https://www.imdb.com/title/tt0327597,Movie,7.8,100,2009,"Animation, Fantasy, Drama, Family",302570,"2009-02-06","Henry Selick"
tt0376136,6,2014-01-18,"The Rum Diary","The Rum Diary",https://www.imdb.com/title/tt0376136,Movie,6.1,119,2011,"Drama, Comedy, Romance",110273,"2011-10-28","Bruce Robinson"
tt0372183,8,2014-01-18,"The Bourne Supremacy","The Bourne Supremacy",https://www.imdb.com/title/tt0372183,Movie,7.7,108,2004,"Thriller, Action, Mystery",514939,"2004-07-23","Paul Greengrass"
tt1022603,6,2014-01-18,"500 Days of Summer","(500) Days of Summer",https://www.imdb.com/title/tt1022603,Movie,7.6,95,2009,"Comedy, Drama, Romance",622401,"2009-08-07","Marc Webb"
tt1235166,8,2014-01-18,"A Prophet","Un prophète",https://www.imdb.com/title/tt1235166,Movie,7.8,155,2009,"Crime, Drama",107860,"2010-03-26","Jacques Audiard"
tt1155056,6,2014-01-18,"I Love You, Man","I Love You, Man",https://www.imdb.com/title/tt1155056,Movie,7.0,105,2009,"Comedy, Romance",226251,"2009-03-20","John Hamburg"
tt0072890,8,2014-01-18,"Dog Day Afternoon","Dog Day Afternoon",https://www.imdb.com/title/tt0072890,Movie,8.0,125,1975,"Thriller, Biography, Crime, Drama",292538,"1975-12-25","Sidney Lumet"
tt0993846,4,2014-01-17,"The Wolf of Wall Street","The Wolf of Wall Street",https://www.imdb.com/title/tt0993846,Movie,8.2,180,2013,"Crime, Drama, Biography, Comedy",1801925,"2013-12-25","Martin Scorsese"
tt0106977,7,2014-01-08,"The Fugitive","The Fugitive",https://www.imdb.com/title/tt0106977,Movie,7.8,130,1993,"Crime, Action, Mystery, Drama, Thriller",348022,"1993-08-06","Andrew Davis"
tt1234548,6,2014-01-08,"The Men Who Stare at Goats","The Men Who Stare at Goats",https://www.imdb.com/title/tt1234548,Movie,6.2,94,2009,"Comedy, War",142079,"2009-11-06","Grant Heslov"
tt1568911,5,2014-01-08,"War Horse","War Horse",https://www.imdb.com/title/tt1568911,Movie,7.2,146,2011,"War, Drama, Adventure, History",173867,"2011-12-25","Steven Spielberg"
tt0075686,7,2014-01-08,"Annie Hall","Annie Hall",https://www.imdb.com/title/tt0075686,Movie,7.9,93,1977,"Romance, Comedy",291947,"1977-04-20","Woody Allen"
tt0034583,6,2014-01-08,"Casablanca","Casablanca",https://www.imdb.com/title/tt0034583,Movie,8.5,102,1942,"Romance, War, Drama",656971,"1943-01-23","Michael Curtiz"
tt0117951,7,2014-01-08,"Trainspotting","Trainspotting",https://www.imdb.com/title/tt0117951,Movie,8.1,93,1996,"Crime, Drama",770336,"1996-08-09","Danny Boyle"
tt0088247,7,2014-01-08,"The Terminator","The Terminator",https://www.imdb.com/title/tt0088247,Movie,8.1,107,1984,"Action, Adventure, Sci-Fi",1009417,"1984-10-26","James Cameron"
tt0083987,7,2014-01-08,"Gandhi","Gandhi",https://www.imdb.com/title/tt0083987,Movie,8.0,191,1982,"Biography, History, Drama",246407,"1983-02-25","Richard Attenborough"
tt1504320,7,2014-01-08,"The King's Speech","The King's Speech",https://www.imdb.com/title/tt1504320,Movie,8.0,118,2010,"Drama, Biography, History",734437,"2010-12-25","Tom Hooper"
tt1979320,8,2014-01-08,"Rush","Rush",https://www.imdb.com/title/tt1979320,Movie,8.1,123,2013,"Biography, Sport, Drama",561897,"2013-09-27","Ron Howard"
tt0364569,8,2014-01-08,"Oldboy","Oldeuboi",https://www.imdb.com/title/tt0364569,Movie,8.3,120,2003,"Mystery, Thriller, Action, Drama",724110,"2003-11-21","Park Chan-wook"
tt1748122,7,2014-01-08,"Moonrise Kingdom","Moonrise Kingdom",https://www.imdb.com/title/tt1748122,Movie,7.7,94,2012,"Drama, Comedy, Romance, Adventure, Fantasy",383854,"2012-06-29","Wes Anderson"
tt1866249,7,2014-01-08,"The Sessions","The Sessions",https://www.imdb.com/title/tt1866249,Movie,7.2,95,2012,"Drama, Romance, Comedy, Biography",45077,"2012-11-16","Ben Lewin"
tt0151804,7,2014-01-06,"Office Space","Office Space",https://www.imdb.com/title/tt0151804,Movie,7.6,89,1999,"Comedy",310000,"1999-02-19","Mike Judge"
tt0118749,8,2014-01-06,"Boogie Nights","Boogie Nights",https://www.imdb.com/title/tt0118749,Movie,7.9,155,1997,"Drama",307499,"1997-10-31","Paul Thomas Anderson"
tt0317705,9,2014-01-06,"The Incredibles","The Incredibles",https://www.imdb.com/title/tt0317705,Movie,8.0,115,2004,"Animation, Action, Adventure, Family",907076,"2004-11-05","Brad Bird"
tt0398017,7,2014-01-06,"Derailed","Derailed",https://www.imdb.com/title/tt0398017,Movie,6.6,108,2005,"Drama, Thriller, Crime",79141,"2005-11-11","Mikael Håfström"
tt0425210,7,2014-01-06,"Lucky Number Slevin","Lucky Number Slevin",https://www.imdb.com/title/tt0425210,Movie,7.7,110,2006,"Thriller, Crime, Drama",339776,"2006-04-07","Paul McGuigan"
tt0167404,7,2014-01-06,"The Sixth Sense","The Sixth Sense",https://www.imdb.com/title/tt0167404,Movie,8.2,107,1999,"Mystery, Drama, Thriller",1150162,"1999-08-06","M. Night Shyamalan"
tt1411697,6,2014-01-01,"The Hangover Part II","The Hangover Part II",https://www.imdb.com/title/tt1411697,Movie,6.5,102,2011,"Comedy",580771,"2011-05-26","Todd Phillips"
tt0070511,8,2014-01-01,"Papillon","Papillon",https://www.imdb.com/title/tt0070511,Movie,8.0,151,1973,"Biography, Crime, Drama",146184,"1973-12-19","Franklin J. Schaffner"
tt0464913,7,2014-01-01,"OSS 117: Cairo, Nest of Spies","OSS 117: Le Caire, nid d'espions",https://www.imdb.com/title/tt0464913,Movie,7.0,99,2006,"Adventure, Comedy, Crime, Action",25428,"2008-05-09","Michel Hazanavicius"
tt1392214,6,2014-01-01,"Prisoners","Prisoners",https://www.imdb.com/title/tt1392214,Movie,8.2,153,2013,"Crime, Drama, Thriller, Mystery",943799,"2013-09-20","Denis Villeneuve"
tt0458339,6,2014-01-01,"Captain America: The First Avenger","Captain America: The First Avenger",https://www.imdb.com/title/tt0458339,Movie,6.9,124,2011,"Action, Adventure, Sci-Fi",972682,"2011-07-22","Joe Johnston"
tt0405422,7,2014-01-01,"The 40-Year-Old Virgin","The 40 Year Old Virgin",https://www.imdb.com/title/tt0405422,Movie,7.1,116,2005,"Comedy, Romance",504193,"2005-08-19","Judd Apatow"
tt0105323,8,2014-01-01,"Scent of a Woman","Scent of a Woman",https://www.imdb.com/title/tt0105323,Movie,8.0,156,1992,"Drama",373344,"1993-01-08","Martin Brest"
tt0234215,8,2013-11-21,"The Matrix Reloaded","The Matrix Reloaded",https://www.imdb.com/title/tt0234215,Movie,7.2,138,2003,"Action, Sci-Fi",672845,"2003-05-15","Lana Wachowski,Lilly Wachowski"
tt0200465,7,2013-11-02,"The Bank Job","The Bank Job",https://www.imdb.com/title/tt0200465,Movie,7.2,111,2008,"Thriller, Crime",197552,"2008-03-07","Roger Donaldson"
tt1327773,6,2013-11-02,"The Butler","The Butler",https://www.imdb.com/title/tt1327773,Movie,7.2,132,2013,"Drama, Biography",124082,"2013-08-16","Lee Daniels"
tt0119654,7,2013-11-02,"Men in Black","Men in Black",https://www.imdb.com/title/tt0119654,Movie,7.3,98,1997,"Adventure, Action, Sci-Fi, Comedy",667186,"1997-07-02","Barry Sonnenfeld"
tt0212338,6,2013-11-02,"Meet the Parents","Meet the Parents",https://www.imdb.com/title/tt0212338,Movie,7.0,108,2000,"Romance, Comedy",380057,"2000-10-06","Jay Roach"
tt1033643,5,2013-11-02,"What Happens in Vegas","What Happens in Vegas",https://www.imdb.com/title/tt1033643,Movie,6.1,99,2008,"Comedy, Romance",197221,"2008-05-09","Tom Vaughan"
tt0343135,6,2013-11-02,"Along Came Polly","Along Came Polly",https://www.imdb.com/title/tt0343135,Movie,6.0,90,2004,"Romance, Comedy",150608,"2004-01-16","John Hamburg"
tt0343660,6,2013-11-02,"50 First Dates","50 First Dates",https://www.imdb.com/title/tt0343660,Movie,6.8,99,2004,"Drama, Romance, Comedy",417385,"2004-02-13","Peter Segal"
tt1068680,6,2013-11-02,"Yes Man","Yes Man",https://www.imdb.com/title/tt1068680,Movie,6.8,104,2008,"Comedy, Romance",406105,"2008-12-19","Peyton Reed"
tt0163651,7,2013-11-02,"American Pie","American Pie",https://www.imdb.com/title/tt0163651,Movie,7.0,95,1999,"Comedy",470238,"1999-07-09","Paul Weitz"
tt1142988,6,2013-11-02,"The Ugly Truth","The Ugly Truth",https://www.imdb.com/title/tt1142988,Movie,6.4,96,2009,"Romance, Comedy",242425,"2009-07-24","Robert Luketic"
tt1655442,8,2013-10-16,"The Artist","The Artist",https://www.imdb.com/title/tt1655442,Movie,7.8,100,2011,"Romance, Comedy, Drama",255826,"2012-01-20","Michel Hazanavicius"
tt0113247,8,2013-10-16,"La haine","La Haine",https://www.imdb.com/title/tt0113247,Movie,8.1,98,1995,"Crime, Drama",228641,"1996-02-23","Mathieu Kassovitz"
tt0903624,6,2013-10-16,"The Hobbit: An Unexpected Journey","The Hobbit: An Unexpected Journey",https://www.imdb.com/title/tt0903624,Movie,7.8,169,2012,"Fantasy, Adventure",931231,"2012-12-14","Peter Jackson"
tt1136608,8,2013-10-16,"District 9","District 9",https://www.imdb.com/title/tt1136608,Movie,7.9,112,2009,"Sci-Fi, Action, Thriller",754629,"2009-08-14","Neill Blomkamp"
tt1220719,8,2013-10-16,"Ip Man","Ip Man",https://www.imdb.com/title/tt1220719,Movie,8.0,106,2008,"Action, Drama, Biography, War",244224,"2025-10-05","Wilson Yip"
tt0107290,7,2013-10-16,"Jurassic Park","Jurassic Park",https://www.imdb.com/title/tt0107290,Movie,8.2,127,1993,"Sci-Fi, Adventure",1184980,"1993-06-11","Steven Spielberg"
tt0325980,6,2013-10-16,"Pirates of the Caribbean: The Curse of the Black Pearl","Pirates of the Caribbean: The Curse of the Black Pearl",https://www.imdb.com/title/tt0325980,Movie,8.1,143,2003,"Fantasy, Action, Adventure",1332619,"2003-07-09","Gore Verbinski"
tt0338564,8,2013-10-16,"Infernal Affairs","Mou gaan dou",https://www.imdb.com/title/tt0338564,Movie,8.0,101,2002,"Thriller, Mystery, Drama, Crime",138675,"2002-12-12","Wai Keung Lau,Alan Mak"
tt0198781,9,2013-10-16,"Monsters, Inc.","Monsters, Inc.",https://www.imdb.com/title/tt0198781,Movie,8.1,92,2001,"Animation, Adventure, Comedy, Family, Fantasy",1080668,"2001-11-02","Pete Docter,David Silverman,Lee Unkrich"
tt0107207,8,2013-10-16,"In the Name of the Father","In the Name of the Father",https://www.imdb.com/title/tt0107207,Movie,8.1,133,1993,"Biography, Crime, Drama",203518,"1994-02-25","Jim Sheridan"
tt1010048,9,2013-10-16,"Slumdog Millionaire","Slumdog Millionaire",https://www.imdb.com/title/tt1010048,Movie,8.0,120,2008,"Drama, Romance, Crime",912161,"2008-12-25","Danny Boyle,Loveleen Tandan"
tt0075148,9,2013-10-16,"Rocky","Rocky",https://www.imdb.com/title/tt0075148,Movie,8.1,120,1976,"Sport, Drama",693619,"1976-12-03","John G. Avildsen"
tt0947798,7,2013-10-16,"Black Swan","Black Swan",https://www.imdb.com/title/tt0947798,Movie,8.0,108,2010,"Drama, Thriller",892413,"2010-12-17","Darren Aronofsky"
tt0978762,8,2013-10-16,"Mary and Max","Mary and Max.",https://www.imdb.com/title/tt0978762,Movie,8.1,92,2009,"Animation, Comedy, Drama",202296,"2009-04-09","Adam Elliot"
tt0107048,9,2013-10-16,"Groundhog Day","Groundhog Day",https://www.imdb.com/title/tt0107048,Movie,8.0,101,1993,"Fantasy, Drama, Romance, Comedy",737954,"1993-02-12","Harold Ramis"
tt0892769,7,2013-10-16,"How to Train Your Dragon","How to Train Your Dragon",https://www.imdb.com/title/tt0892769,Movie,8.1,98,2010,"Animation, Adventure, Fantasy, Family, Action",899954,"2010-03-26","Dean DeBlois,Chris Sanders"
tt0848228,5,2013-10-16,"The Avengers","The Avengers",https://www.imdb.com/title/tt0848228,Movie,8.0,143,2012,"Action, Sci-Fi",1564944,"2012-05-04","Joss Whedon"
tt0266543,8,2013-10-16,"Finding Nemo","Finding Nemo",https://www.imdb.com/title/tt0266543,Movie,8.2,100,2003,"Animation, Family, Comedy, Adventure",1214642,"2003-05-30","Andrew Stanton,Lee Unkrich"
tt0477348,8,2013-10-16,"No Country for Old Men","No Country for Old Men",https://www.imdb.com/title/tt0477348,Movie,8.2,122,2007,"Thriller, Crime, Drama",1199363,"2007-11-21","Ethan Coen,Joel Coen"
tt0457430,7,2013-10-16,"Pan's Labyrinth","El laberinto del fauno",https://www.imdb.com/title/tt0457430,Movie,8.2,118,2006,"Drama, Fantasy, War",749066,"2007-01-19","Guillermo del Toro"
tt0361748,9,2013-10-16,"Inglourious Basterds","Inglourious Basterds",https://www.imdb.com/title/tt0361748,Movie,8.4,153,2009,"War, Drama",1796751,"2009-08-21","Quentin Tarantino"
tt0086879,8,2013-10-16,"Amadeus","Amadeus",https://www.imdb.com/title/tt0086879,Movie,8.4,160,1984,"Drama, Music, Biography",470125,"1984-09-19","Miloš Forman"
tt0435761,7,2013-10-16,"Toy Story 3","Toy Story 3",https://www.imdb.com/title/tt0435761,Movie,8.3,103,2010,"Animation, Adventure, Comedy, Family, Fantasy",979731,"2010-06-18","Lee Unkrich"
tt0910970,9,2013-10-16,"WALL·E","WALL·E",https://www.imdb.com/title/tt0910970,Movie,8.4,98,2008,"Animation, Sci-Fi, Adventure, Family",1328988,"2008-06-27","Andrew Stanton"
tt0081505,7,2013-10-16,"The Shining","The Shining",https://www.imdb.com/title/tt0081505,Movie,8.4,146,1980,"Drama, Horror",1232229,"1980-06-13","Stanley Kubrick"
tt0253474,8,2013-10-16,"The Pianist","The Pianist",https://www.imdb.com/title/tt0253474,Movie,8.5,150,2002,"Biography, Music, Drama, War",1016383,"2003-03-28","Roman Polanski"
tt1454468,9,2013-10-16,"Gravity","Gravity",https://www.imdb.com/title/tt1454468,Movie,7.7,91,2013,"Sci-Fi, Thriller, Drama",902476,"2013-10-04","Alfonso Cuarón"
tt0078788,8,2013-10-16,"Apocalypse Now","Apocalypse Now",https://www.imdb.com/title/tt0078788,Movie,8.4,147,1979,"Drama, Mystery, War",773147,"1979-08-15","Francis Ford Coppola"
tt1375666,10,2013-10-16,"Inception","Inception",https://www.imdb.com/title/tt1375666,Movie,8.8,148,2010,"Sci-Fi, Thriller, Adventure",2832554,"2010-07-16","Christopher Nolan"
tt1568346,7,2013-10-06,"The Girl with the Dragon Tattoo","The Girl with the Dragon Tattoo",https://www.imdb.com/title/tt1568346,Movie,7.8,158,2011,"Drama, Thriller, Crime, Mystery",530300,"2011-12-21","David Fincher"
tt0368008,5,2013-09-20,"The Manchurian Candidate","The Manchurian Candidate",https://www.imdb.com/title/tt0368008,Movie,6.6,129,2004,"Thriller, Mystery, Drama, Sci-Fi",123269,"2004-07-30","Jonathan Demme"
tt0050083,9,2013-08-20,"12 Angry Men","12 Angry Men",https://www.imdb.com/title/tt0050083,Movie,9.0,96,1957,"Crime, Drama",990717,"1957-04-10","Sidney Lumet"
tt0396269,7,2013-08-09,"Wedding Crashers","Wedding Crashers",https://www.imdb.com/title/tt0396269,Movie,7.0,119,2005,"Comedy, Romance",399866,"2005-07-15","David Dobkin"
tt0386588,7,2013-08-09,"Hitch","Hitch",https://www.imdb.com/title/tt0386588,Movie,6.6,118,2005,"Comedy, Romance",350308,"2005-02-11","Andy Tennant"
tt0283900,9,2013-08-09,"The Spanish Apartment","L'auberge espagnole",https://www.imdb.com/title/tt0283900,Movie,7.3,122,2002,"Drama, Romance, Comedy",44117,"2003-06-20","Cédric Klapisch"
tt0116629,7,2013-08-09,"Independence Day","Independence Day",https://www.imdb.com/title/tt0116629,Movie,7.0,145,1996,"Adventure, Sci-Fi, Action",651190,"1996-07-03","Roland Emmerich"
tt0227445,5,2013-08-09,"The Score","The Score",https://www.imdb.com/title/tt0227445,Movie,6.8,124,2001,"Drama, Crime, Thriller",144554,"2001-07-13","Frank Oz"
tt0363988,6,2013-08-09,"Secret Window","Secret Window",https://www.imdb.com/title/tt0363988,Movie,6.5,96,2004,"Thriller, Mystery, Drama",222443,"2004-03-12","David Koepp"
tt0119174,8,2013-07-28,"The Game","The Game",https://www.imdb.com/title/tt0119174,Movie,7.7,129,1997,"Drama, Thriller, Mystery",473754,"1997-09-12","David Fincher"
tt0443706,8,2013-07-26,"Zodiac","Zodiac",https://www.imdb.com/title/tt0443706,Movie,7.7,157,2007,"Drama, Thriller, Crime, Mystery",678687,"2007-03-02","David Fincher"
tt0780536,9,2013-07-26,"In Bruges","In Bruges",https://www.imdb.com/title/tt0780536,Movie,7.9,107,2008,"Crime, Drama, Comedy, Thriller",495373,"2008-02-29","Martin McDonagh"
tt1178663,7,2013-07-24,"Whatever Works","Whatever Works",https://www.imdb.com/title/tt1178663,Movie,7.1,93,2009,"Comedy, Romance",79386,"2009-07-03","Woody Allen"
tt0404203,6,2013-07-24,"Little Children","Little Children",https://www.imdb.com/title/tt0404203,Movie,7.5,137,2006,"Drama, Romance",122176,"2007-02-09","Todd Field"
tt0093409,8,2013-07-24,"Lethal Weapon","Lethal Weapon",https://www.imdb.com/title/tt0093409,Movie,7.6,109,1987,"Thriller, Crime, Action",297047,"1987-03-06","Richard Donner"
tt0988045,5,2013-07-24,"Sherlock Holmes","Sherlock Holmes",https://www.imdb.com/title/tt0988045,Movie,7.5,128,2009,"Adventure, Mystery, Action",708383,"2009-12-25","Guy Ritchie"
tt1515091,8,2013-07-24,"Sherlock Holmes: A Game of Shadows","Sherlock Holmes: A Game of Shadows",https://www.imdb.com/title/tt1515091,Movie,7.4,129,2011,"Mystery, Action, Adventure",503471,"2011-12-16","Guy Ritchie"
tt0086465,7,2013-07-24,"Trading Places","Trading Places",https://www.imdb.com/title/tt0086465,Movie,7.5,116,1983,"Comedy",183532,"1983-06-08","John Landis"
tt0070034,7,2013-07-24,"Enter the Dragon","Enter the Dragon",https://www.imdb.com/title/tt0070034,Movie,7.6,99,1973,"Crime, Thriller, Action",120872,"1973-08-19","Robert Clouse"
tt1130884,8,2013-07-24,"Shutter Island","Shutter Island",https://www.imdb.com/title/tt1130884,Movie,8.2,138,2010,"Thriller, Mystery, Drama",1660548,"2010-02-19","Martin Scorsese"
tt1032755,7,2013-07-23,"RocknRolla","RocknRolla",https://www.imdb.com/title/tt1032755,Movie,7.2,114,2008,"Action, Crime, Thriller",275897,"2008-10-31","Guy Ritchie"
tt1074638,8,2013-07-23,"Skyfall","Skyfall",https://www.imdb.com/title/tt1074638,Movie,7.8,143,2012,"Action, Thriller, Adventure",775932,"2012-11-09","Sam Mendes"
tt0328107,7,2013-07-23,"Man on Fire","Man on Fire",https://www.imdb.com/title/tt0328107,Movie,7.7,146,2004,"Thriller, Drama, Crime, Action",423032,"2004-04-23","Tony Scott"
tt0144117,8,2013-07-23,"The Boondock Saints","The Boondock Saints",https://www.imdb.com/title/tt0144117,Movie,7.6,108,1999,"Thriller, Action, Crime",263049,"2000-01-21","Troy Duffy"
tt0936501,8,2013-07-23,"Taken","Taken",https://www.imdb.com/title/tt0936501,Movie,7.7,90,2008,"Action, Thriller, Crime",674528,"2009-01-30","Pierre Morel"
tt0067800,7,2013-07-21,"Straw Dogs","Straw Dogs",https://www.imdb.com/title/tt0067800,Movie,7.4,113,1971,"Crime, Drama, Thriller",68483,"1971-12-22","Sam Peckinpah"
tt0327056,8,2013-07-10,"Mystic River","Mystic River",https://www.imdb.com/title/tt0327056,Movie,7.9,138,2003,"Crime, Mystery, Thriller, Drama",524494,"2003-10-15","Clint Eastwood"
tt0109686,6,2013-07-10,"Dumb and Dumber","Dumb and Dumber",https://www.imdb.com/title/tt0109686,Movie,7.3,107,1994,"Comedy",444834,"1994-12-16","Peter Farrelly"
tt0456554,7,2013-07-10,"Grandma's Boy","Grandma's Boy",https://www.imdb.com/title/tt0456554,Movie,6.9,94,2006,"Comedy",93444,"2006-01-06","Nicholaus Goossen"
tt0361862,7,2013-07-10,"The Machinist","The Machinist",https://www.imdb.com/title/tt0361862,Movie,7.6,101,2004,"Thriller, Drama",443533,"2004-12-03","Brad Anderson"
tt0944947,9,2013-07-09,"Game of Thrones","Game of Thrones",https://www.imdb.com/title/tt0944947,TV Series,9.2,60,2011,"Fantasy, Drama",2633553,"2011-04-17",
tt0770828,7,2013-07-09,"Man of Steel","Man of Steel",https://www.imdb.com/title/tt0770828,Movie,7.1,143,2013,"Action, Adventure, Sci-Fi",870628,"2013-06-14","Zack Snyder"
tt0207201,6,2013-07-09,"What Women Want","What Women Want",https://www.imdb.com/title/tt0207201,Movie,6.5,127,2000,"Romance, Comedy, Fantasy",239404,"2000-12-15","Nancy Meyers"
tt0090305,7,2013-07-09,"Weird Science","Weird Science",https://www.imdb.com/title/tt0090305,Movie,6.6,94,1985,"Sci-Fi, Romance, Comedy",106189,"1985-08-02","John Hughes"
tt0122151,7,2013-07-09,"Lethal Weapon 4","Lethal Weapon 4",https://www.imdb.com/title/tt0122151,Movie,6.6,127,1998,"Crime, Thriller, Action",181094,"1998-07-10","Richard Donner"
tt0104714,7,2013-07-09,"Lethal Weapon 3","Lethal Weapon 3",https://www.imdb.com/title/tt0104714,Movie,6.7,118,1992,"Thriller, Crime, Action",189118,"1992-05-15","Richard Donner"
tt0118880,5,2013-07-09,"Con Air","Con Air",https://www.imdb.com/title/tt0118880,Movie,6.9,115,1997,"Crime, Thriller, Action",340887,"1997-06-06","Simon West"
tt1058017,7,2013-07-09,"The Invention of Lying","The Invention of Lying",https://www.imdb.com/title/tt1058017,Movie,6.4,100,2009,"Comedy, Fantasy, Romance",157658,"2009-10-02","Ricky Gervais,Matthew Robinson"
tt0790724,6,2013-07-09,"Jack Reacher","Jack Reacher",https://www.imdb.com/title/tt0790724,Movie,7.0,130,2012,"Action, Thriller",393115,"2012-12-21","Christopher McQuarrie"
tt1371111,4,2013-07-09,"Cloud Atlas","Cloud Atlas",https://www.imdb.com/title/tt1371111,Movie,7.3,172,2012,"Sci-Fi, Drama, Mystery, Thriller",387348,"2012-10-26","Tom Tykwer,Lana Wachowski,Lilly Wachowski"
tt0375063,8,2013-07-09,"Sideways","Sideways",https://www.imdb.com/title/tt0375063,Movie,7.5,127,2004,"Comedy, Drama, Romance",217611,"2004-10-22","Alexander Payne"
tt0362227,7,2013-07-09,"The Terminal","The Terminal",https://www.imdb.com/title/tt0362227,Movie,7.4,128,2004,"Drama, Comedy, Romance",538149,"2004-06-18","Steven Spielberg"
tt0399295,8,2013-07-09,"Lord of War","Lord of War",https://www.imdb.com/title/tt0399295,Movie,7.6,122,2005,"Crime, Drama",360693,"2005-09-16","Andrew Niccol"
tt0463872,2,2013-07-09,"Asterix at the Olympic Games","Astérix aux Jeux Olympiques",https://www.imdb.com/title/tt0463872,Movie,5.2,116,2008,"Adventure, Comedy, Family, Fantasy",35194,"2008-01-30","Frédéric Forestier,Thomas Langmann"
tt0126029,8,2013-07-09,"Shrek","Shrek",https://www.imdb.com/title/tt0126029,Movie,7.9,90,2001,"Animation, Fantasy, Comedy, Family, Adventure, Romance",814985,"2001-05-18","Andrew Adamson,Vicky Jenson"
tt0133385,2,2013-07-09,"Asterix and Obelix vs. Caesar","Astérix & Obélix contre César",https://www.imdb.com/title/tt0133385,Movie,6.0,109,1999,"Comedy, Family, Adventure, Fantasy",48627,"1999-02-03","Claude Zidi"
tt0120591,5,2013-07-09,"Armageddon","Armageddon",https://www.imdb.com/title/tt0120591,Movie,6.7,151,1998,"Adventure, Sci-Fi, Thriller, Action",481204,"1998-07-01","Michael Bay"
tt0372784,9,2013-07-09,"Batman Begins","Batman Begins",https://www.imdb.com/title/tt0372784,Movie,8.2,140,2005,"Crime",1723971,"2005-06-15","Christopher Nolan"
tt0375912,7,2013-07-09,"Layer Cake","Layer Cake",https://www.imdb.com/title/tt0375912,Movie,7.2,105,2004,"Thriller, Crime, Drama",208557,"2005-06-03","Matthew Vaughn"
tt0086250,7,2013-07-09,"Scarface","Scarface",https://www.imdb.com/title/tt0086250,Movie,8.3,170,1983,"Crime, Drama",1022979,"1983-12-09","Brian De Palma"
tt0098635,8,2013-07-09,"When Harry Met Sally...","When Harry Met Sally...",https://www.imdb.com/title/tt0098635,Movie,7.7,95,1989,"Drama, Romance, Comedy",273210,"1989-07-21","Rob Reiner"
tt0301357,7,2013-07-09,"Good Bye Lenin!","Good Bye Lenin!",https://www.imdb.com/title/tt0301357,Movie,7.7,121,2003,"Romance, Comedy, Drama",160241,"2004-05-14","Wolfgang Becker"
tt1675434,9,2013-07-09,"The Intouchables","Intouchables",https://www.imdb.com/title/tt1675434,Movie,8.5,112,2011,"Comedy, Drama",1032783,"2011-11-02","Olivier Nakache,Éric Toledano"
tt1231583,6,2013-07-09,"Due Date","Due Date",https://www.imdb.com/title/tt1231583,Movie,6.5,95,2010,"Comedy, Drama",372920,"2010-11-05","Todd Phillips"
tt0119217,8,2013-07-09,"Good Will Hunting","Good Will Hunting",https://www.imdb.com/title/tt0119217,Movie,8.4,126,1997,"Romance, Drama",1226000,"1998-01-09","Gus Van Sant"
tt0430922,6,2013-07-09,"Role Models","Role Models",https://www.imdb.com/title/tt0430922,Movie,6.8,99,2008,"Comedy",252620,"2008-11-07","David Wain"
tt0313792,6,2013-07-09,"Anything Else","Anything Else",https://www.imdb.com/title/tt0313792,Movie,6.3,108,2003,"Romance, Comedy",34386,"2003-09-19","Woody Allen"
tt0107818,8,2013-07-09,"Philadelphia","Philadelphia",https://www.imdb.com/title/tt0107818,Movie,7.7,125,1993,"Drama",275171,"1994-01-14","Jonathan Demme"
tt0060196,8,2013-07-09,"The Good, the Bad and the Ugly","Il buono, il brutto, il cattivo",https://www.imdb.com/title/tt0060196,Movie,8.8,178,1966,"Adventure, Drama, Western",893737,"1967-12-29","Sergio Leone"
tt1064932,7,2013-07-09,"Welcome to the Sticks","Bienvenue chez les Ch'tis",https://www.imdb.com/title/tt1064932,Movie,7.1,106,2008,"Comedy, Romance",47796,"2008-02-27","Dany Boon"
tt0497465,7,2013-07-09,"Vicky Cristina Barcelona","Vicky Cristina Barcelona",https://www.imdb.com/title/tt0497465,Movie,7.1,96,2008,"Drama, Romance, Comedy",281381,"2008-08-15","Woody Allen"
tt0473753,7,2013-07-09,"Angel-A","Angel-A",https://www.imdb.com/title/tt0473753,Movie,7.1,91,2005,"Comedy, Romance, Fantasy, Drama",37472,"2005-12-21","Luc Besson"
tt1907668,6,2013-07-09,"Flight","Flight",https://www.imdb.com/title/tt1907668,Movie,7.3,138,2012,"Drama, Thriller",398731,"2012-11-02","Robert Zemeckis"
tt0079417,8,2013-07-09,"Kramer vs. Kramer","Kramer vs. Kramer",https://www.imdb.com/title/tt0079417,Movie,7.8,105,1979,"Drama",167038,"1979-12-19","Robert Benton"
tt1124035,6,2013-07-07,"The Ides of March","The Ides of March",https://www.imdb.com/title/tt1124035,Movie,7.1,101,2011,"Drama, Thriller",239969,"2011-10-07","George Clooney"
tt0095953,9,2013-07-07,"Rain Man","Rain Man",https://www.imdb.com/title/tt0095953,Movie,8.0,133,1988,"Drama",586441,"1988-12-16","Barry Levinson"
tt1119646,8,2013-07-07,"The Hangover","The Hangover",https://www.imdb.com/title/tt1119646,Movie,7.7,100,2009,"Comedy",935585,"2009-06-05","Todd Phillips"
tt0070666,8,2013-07-07,"Serpico","Serpico",https://www.imdb.com/title/tt0070666,Movie,7.7,130,1973,"Biography, Thriller, Crime, Drama",146360,"1973-12-05","Sidney Lumet"
tt1045658,8,2013-07-05,"Silver Linings Playbook","Silver Linings Playbook",https://www.imdb.com/title/tt1045658,Movie,7.7,122,2012,"Comedy, Drama, Romance",775047,"2012-12-25","David O. Russell"
tt1570728,7,2013-07-05,"Crazy, Stupid, Love.","Crazy, Stupid, Love.",https://www.imdb.com/title/tt1570728,Movie,7.4,118,2011,"Comedy, Romance, Drama",623380,"2011-07-29","Glenn Ficarra,John Requa"
tt1637725,8,2013-07-05,"Ted","Ted",https://www.imdb.com/title/tt1637725,Movie,6.9,106,2012,"Comedy",713346,"2012-06-29","Seth MacFarlane"
tt0838283,8,2013-07-05,"Step Brothers","Step Brothers",https://www.imdb.com/title/tt0838283,Movie,6.9,98,2008,"Comedy",342753,"2008-07-25","Adam McKay"
tt1499658,8,2013-07-05,"Horrible Bosses","Horrible Bosses",https://www.imdb.com/title/tt1499658,Movie,6.9,98,2011,"Comedy, Crime",489105,"2011-07-08","Seth Gordon"
tt0485947,5,2013-06-23,"Mr. Nobody","Mr. Nobody",https://www.imdb.com/title/tt0485947,Movie,7.7,141,2009,"Drama, Sci-Fi, Fantasy, Romance",258322,"2013-09-26","Jaco Van Dormael"
tt1193138,7,2013-06-23,"Up in the Air","Up in the Air",https://www.imdb.com/title/tt1193138,Movie,7.4,109,2009,"Drama, Romance, Comedy",361546,"2009-12-23","Jason Reitman"
tt0108550,7,2013-06-23,"What's Eating Gilbert Grape","What's Eating Gilbert Grape",https://www.imdb.com/title/tt0108550,Movie,7.7,118,1993,"Drama",269770,"1994-03-04","Lasse Hallström"
tt0248667,6,2013-06-23,"Ali","Ali",https://www.imdb.com/title/tt0248667,Movie,6.7,157,2001,"Sport, Biography, Drama",110505,"2001-12-25","Michael Mann"
tt1125849,8,2013-06-23,"The Wrestler","The Wrestler",https://www.imdb.com/title/tt1125849,Movie,7.9,109,2008,"Drama, Sport",331769,"2009-01-30","Darren Aronofsky"
tt1057500,6,2013-06-23,"Invictus","Invictus",https://www.imdb.com/title/tt1057500,Movie,7.3,134,2009,"Biography, Drama, History, Sport",174772,"2009-12-11","Clint Eastwood"
tt0878804,5,2013-06-23,"The Blind Side","The Blind Side",https://www.imdb.com/title/tt0878804,Movie,7.6,129,2009,"Drama, Sport, Biography",389077,"2009-11-20","John Lee Hancock"
tt0964517,8,2013-06-23,"The Fighter","The Fighter",https://www.imdb.com/title/tt0964517,Movie,7.8,116,2010,"Drama, Sport, Biography, Action",409285,"2010-12-17","David O. Russell"
tt1853728,10,2013-06-23,"Django Unchained","Django Unchained",https://www.imdb.com/title/tt1853728,Movie,8.5,165,2012,"Western, Drama",1893974,"2012-12-25","Quentin Tarantino"
tt0840361,7,2013-06-23,"The Town","The Town",https://www.imdb.com/title/tt0840361,Movie,7.5,125,2010,"Drama, Thriller, Crime",449724,"2010-09-17","Ben Affleck"
tt0119396,5,2013-06-23,"Jackie Brown","Jackie Brown",https://www.imdb.com/title/tt0119396,Movie,7.5,154,1997,"Drama, Crime, Thriller",405891,"1997-12-25","Quentin Tarantino"
tt0421715,7,2013-06-23,"The Curious Case of Benjamin Button","The Curious Case of Benjamin Button",https://www.imdb.com/title/tt0421715,Movie,7.8,166,2008,"Romance, Drama, Fantasy",749092,"2008-12-25","David Fincher"
tt1305806,8,2013-06-23,"The Secret in Their Eyes","El secreto de sus ojos",https://www.imdb.com/title/tt1305806,Movie,8.2,129,2009,"Drama, Mystery, Thriller, Romance",243467,"2010-05-21","Juan José Campanella"
tt1345836,9,2013-06-23,"The Dark Knight Rises","The Dark Knight Rises",https://www.imdb.com/title/tt1345836,Movie,8.4,164,2012,"Thriller, Crime",2005039,"2012-07-20","Christopher Nolan"
tt0468569,9,2013-06-23,"The Dark Knight","The Dark Knight",https://www.imdb.com/title/tt0468569,Movie,9.1,152,2008,"Crime, Thriller",3186565,"2008-07-18","Christopher Nolan"
tt0454876,8,2013-06-23,"Life of Pi","Life of Pi",https://www.imdb.com/title/tt0454876,Movie,7.9,127,2012,"Drama, Adventure, Fantasy",702457,"2012-11-21","Ang Lee"
tt1210166,8,2013-06-23,"Moneyball","Moneyball",https://www.imdb.com/title/tt1210166,Movie,7.6,133,2011,"Drama, Sport, Biography",512154,"2011-09-23","Bennett Miller"
tt0318462,9,2013-06-23,"The Motorcycle Diaries","Diarios de motocicleta",https://www.imdb.com/title/tt0318462,Movie,7.7,126,2004,"Biography, Adventure, Drama",109391,"2004-10-15","Walter Salles"
tt0758758,6,2008-02-11,"Into the Wild","Into the Wild",https://www.imdb.com/title/tt0758758,Movie,8.0,148,2007,"Drama, Adventure, Biography",697095,"2007-10-19","Sean Penn"
tt0099685,9,2008-02-11,"GoodFellas","GoodFellas",https://www.imdb.com/title/tt0099685,Movie,8.7,145,1990,"Biography, Crime, Drama",1399446,"1990-09-21","Martin Scorsese"
tt0071562,10,2008-02-11,"The Godfather Part II","The Godfather Part II",https://www.imdb.com/title/tt0071562,Movie,9.0,202,1974,"Crime, Drama",1500574,"1974-12-18","Francis Ford Coppola"
tt0315327,9,2008-02-11,"Bruce Almighty","Bruce Almighty",https://www.imdb.com/title/tt0315327,Movie,6.8,101,2003,"Fantasy, Comedy",472486,"2003-05-23","Tom Shadyac"
tt0114814,9,2008-02-11,"The Usual Suspects","The Usual Suspects",https://www.imdb.com/title/tt0114814,Movie,8.5,106,1995,"Drama, Crime, Mystery, Thriller",1243703,"1995-08-16","Bryan Singer"
tt0486822,5,2008-02-11,"Disturbia","Disturbia",https://www.imdb.com/title/tt0486822,Movie,6.8,105,2007,"Thriller, Drama, Mystery, Crime",275249,"2007-04-13","D.J. Caruso"
tt0268978,9,2008-02-11,"A Beautiful Mind","A Beautiful Mind",https://www.imdb.com/title/tt0268978,Movie,8.2,135,2001,"Biography, Mystery, Drama",1057318,"2002-01-04","Ron Howard"
tt0266697,8,2008-02-11,"Kill Bill: Vol. 1","Kill Bill: Vol. 1",https://www.imdb.com/title/tt0266697,Movie,8.2,111,2003,"Action, Thriller, Crime",1313948,"2003-10-10","Quentin Tarantino"
tt0075314,6,2008-02-11,"Taxi Driver","Taxi Driver",https://www.imdb.com/title/tt0075314,Movie,8.2,114,1976,"Crime, Drama",1031971,"1976-02-09","Martin Scorsese"
tt0117665,8,2008-02-11,"Sleepers","Sleepers",https://www.imdb.com/title/tt0117665,Movie,7.5,147,1996,"Thriller, Crime, Drama",254509,"1996-10-18","Barry Levinson"
tt0211915,10,2008-02-11,"Amélie","Le Fabuleux Destin d'Amélie Poulain",https://www.imdb.com/title/tt0211915,Movie,8.2,122,2001,"Romance, Comedy",842687,"2002-02-08","Jean-Pierre Jeunet"
tt0169547,9,2008-02-11,"American Beauty","American Beauty",https://www.imdb.com/title/tt0169547,Movie,8.3,122,1999,"Drama",1282237,"1999-10-01","Sam Mendes"
tt0138524,5,2008-02-11,"Intolerable Cruelty","Intolerable Cruelty",https://www.imdb.com/title/tt0138524,Movie,6.3,100,2003,"Crime, Romance, Comedy",106120,"2003-10-10","Joel Coen,Ethan Coen"
tt0110475,8,2008-02-11,"The Mask","The Mask",https://www.imdb.com/title/tt0110475,Movie,7.0,101,1994,"Crime, Comedy, Fantasy",473243,"1994-07-29","Chuck Russell"
tt0314331,9,2008-02-11,"Love Actually","Love Actually",https://www.imdb.com/title/tt0314331,Movie,7.5,135,2003,"Drama, Romance, Comedy",581892,"2003-11-14","Richard Curtis"
tt0125439,8,2008-02-11,"Notting Hill","Notting Hill",https://www.imdb.com/title/tt0125439,Movie,7.2,124,1999,"Drama, Romance, Comedy",387027,"1999-05-28","Roger Michell"
tt0147800,3,2008-02-11,"10 Things I Hate About You","10 Things I Hate About You",https://www.imdb.com/title/tt0147800,Movie,7.4,97,1999,"Drama, Romance, Comedy",454771,"1999-03-31","Gil Junger"
tt1077258,5,2008-02-11,"Planet Terror","Planet Terror",https://www.imdb.com/title/tt1077258,Movie,7.0,105,2007,"Horror, Comedy, Action, Thriller",233899,"2007-04-06","Robert Rodriguez"
tt0180093,3,2008-02-11,"Requiem for a Dream","Requiem for a Dream",https://www.imdb.com/title/tt0180093,Movie,8.3,102,2000,"Drama",977883,"2000-12-15","Darren Aronofsky"
tt0270288,9,2008-02-11,"Confessions of a Dangerous Mind","Confessions of a Dangerous Mind",https://www.imdb.com/title/tt0270288,Movie,7.0,113,2002,"Biography, Thriller, Comedy, Romance, Crime, Drama",95895,"2003-01-24","George Clooney"
tt0240772,6,2008-02-11,"Ocean's Eleven","Ocean's Eleven",https://www.imdb.com/title/tt0240772,Movie,7.7,116,2001,"Thriller, Crime",677224,"2001-12-07","Steven Soderbergh"
tt0371724,8,2008-02-11,"The Hitchhiker's Guide to the Galaxy","The Hitchhiker's Guide to the Galaxy",https://www.imdb.com/title/tt0371724,Movie,6.7,109,2005,"Adventure, Comedy, Sci-Fi",217748,"2005-04-29","Garth Jennings"
tt0357413,10,2008-02-11,"Anchorman: The Legend of Ron Burgundy","Anchorman: The Legend of Ron Burgundy",https://www.imdb.com/title/tt0357413,Movie,7.1,94,2004,"Comedy",402845,"2004-07-09","Adam McKay"
tt0349903,4,2008-02-11,"Ocean's Twelve","Ocean's Twelve",https://www.imdb.com/title/tt0349903,Movie,6.5,125,2004,"Thriller, Crime",438910,"2004-12-10","Steven Soderbergh"
tt0118688,3,2008-02-11,"Batman & Robin","Batman & Robin",https://www.imdb.com/title/tt0118688,Movie,3.8,125,1997,"Sci-Fi, Action",283505,"1997-06-20","Joel Schumacher"
tt0434409,7,2008-02-11,"V for Vendetta","V for Vendetta",https://www.imdb.com/title/tt0434409,Movie,8.1,132,2005,"Thriller, Action, Drama, Sci-Fi",1249962,"2006-03-17","James McTeigue"
tt0469494,6,2008-02-11,"There Will Be Blood","There Will Be Blood",https://www.imdb.com/title/tt0469494,Movie,8.2,158,2007,"Drama",712689,"2008-01-25","Paul Thomas Anderson"
tt0237534,1,2008-02-11,"Brotherhood of the Wolf","Le pacte des loups",https://www.imdb.com/title/tt0237534,Movie,7.0,142,2001,"Adventure, Drama, Thriller, Action, Horror",77158,"2002-01-25","Christophe Gans"
tt0120735,10,2008-02-11,"Lock, Stock and Two Smoking Barrels","Lock, Stock and Two Smoking Barrels",https://www.imdb.com/title/tt0120735,Movie,8.1,107,1998,"Crime, Comedy",650818,"1998-08-28","Guy Ritchie"
tt0092005,7,2008-02-11,"Stand by Me","Stand by Me",https://www.imdb.com/title/tt0092005,Movie,8.1,89,1986,"Drama, Adventure",489921,"1986-08-22","Rob Reiner"
tt0475394,7,2008-02-11,"Smokin' Aces","Smokin' Aces",https://www.imdb.com/title/tt0475394,Movie,6.6,109,2006,"Action, Crime, Thriller, Drama, Comedy",158007,"2007-01-26","Joe Carnahan"
tt0110912,10,2008-02-11,"Pulp Fiction","Pulp Fiction",https://www.imdb.com/title/tt0110912,Movie,8.8,154,1994,"Crime, Drama",2446790,"1994-10-14","Quentin Tarantino"
tt0097576,10,2008-02-11,"Indiana Jones and the Last Crusade","Indiana Jones and the Last Crusade",https://www.imdb.com/title/tt0097576,Movie,8.2,127,1989,"Adventure",866090,"1989-05-24","Steven Spielberg"
tt0172495,9,2008-02-11,"Gladiator","Gladiator",https://www.imdb.com/title/tt0172495,Movie,8.5,155,2000,"Action, Adventure, Drama",1859857,"2000-05-05","Ridley Scott"
tt0125664,7,2008-02-11,"Man on the Moon","Man on the Moon",https://www.imdb.com/title/tt0125664,Movie,7.4,118,1999,"Biography, Drama, Comedy",143760,"1999-12-22","Miloš Forman"
tt0068646,10,2008-02-11,"The Godfather","The Godfather",https://www.imdb.com/title/tt0068646,Movie,9.2,175,1972,"Crime, Drama",2236201,"1972-03-24","Francis Ford Coppola"
tt0032553,8,2008-02-11,"The Great Dictator","The Great Dictator",https://www.imdb.com/title/tt0032553,Movie,8.4,125,1940,"Drama, War, Comedy",259002,"1941-03-07","Charles Chaplin"
tt0119038,10,2008-02-11,"Le Dîner de Cons","Le dîner de cons",https://www.imdb.com/title/tt0119038,Movie,7.6,80,1998,"Comedy",46606,"1998-04-15","Francis Veber"
tt0190590,8,2008-02-11,"O Brother, Where Art Thou?","O Brother, Where Art Thou?",https://www.imdb.com/title/tt0190590,Movie,7.7,107,2000,"Music, Drama, Adventure, Crime, Comedy",352925,"2001-02-02","Joel Coen,Ethan Coen"
tt0302886,10,2008-02-11,"Old School","Old School",https://www.imdb.com/title/tt0302886,Movie,7.0,88,2003,"Comedy",257054,"2003-02-21","Todd Phillips"
tt0114746,8,2008-02-11,"12 Monkeys","Twelve Monkeys",https://www.imdb.com/title/tt0114746,Movie,8.0,129,1995,"Mystery, Sci-Fi, Thriller",681244,"1996-01-05","Terry Gilliam"
tt0112864,6,2008-02-11,"Die Hard with a Vengeance","Die Hard with a Vengeance",https://www.imdb.com/title/tt0112864,Movie,7.6,128,1995,"Adventure, Thriller, Action",431562,"1995-05-19","John McTiernan"
tt0118799,10,2008-02-11,"Life Is Beautiful","La vita è bella",https://www.imdb.com/title/tt0118799,Movie,8.6,116,1997,"Comedy, War, Romance, Drama",816269,"1997-12-20","Roberto Benigni"
tt0264464,9,2008-02-11,"Catch Me If You Can","Catch Me If You Can",https://www.imdb.com/title/tt0264464,Movie,8.1,141,2002,"Drama, Biography, Crime",1249427,"2002-12-25","Steven Spielberg"
tt0082971,10,2008-02-11,"Raiders of the Lost Ark","Raiders of the Lost Ark",https://www.imdb.com/title/tt0082971,Movie,8.4,115,1981,"Adventure",1113913,"1981-06-12","Steven Spielberg"
tt0120586,7,2008-02-11,"American History X","American History X",https://www.imdb.com/title/tt0120586,Movie,8.5,119,1998,"Drama, Crime",1277939,"1998-11-20","Tony Kaye"
tt0027977,10,2008-02-11,"Modern Times","Modern Times",https://www.imdb.com/title/tt0027977,Movie,8.5,87,1936,"Drama, Romance, Comedy",286120,"1936-02-25","Charles Chaplin"
tt0250223,8,2008-02-11,"Asterix & Obelix: Mission Cleopatra","Astérix & Obélix : Mission Cléopâtre",https://www.imdb.com/title/tt0250223,Movie,6.7,107,2002,"Adventure, Fantasy, Family, Comedy",63380,"2002-01-30","Alain Chabat"
tt0496806,6,2008-02-11,"Ocean's Thirteen","Ocean's Thirteen",https://www.imdb.com/title/tt0496806,Movie,6.9,122,2007,"Crime, Thriller",388354,"2007-06-08","Steven Soderbergh"
tt0217869,3,2008-02-11,"Unbreakable","Unbreakable",https://www.imdb.com/title/tt0217869,Movie,7.3,106,2000,"Mystery, Drama, Sci-Fi, Thriller",469224,"2000-11-22","M. Night Shyamalan"
tt0375679,7,2008-02-11,"Crash","Crash",https://www.imdb.com/title/tt0375679,Movie,7.7,112,2004,"Drama, Crime, Thriller",462983,"2005-05-06","Paul Haggis"
tt0167260,4,2008-02-11,"The Lord of the Rings: The Return of the King","The Lord of the Rings: The Return of the King",https://www.imdb.com/title/tt0167260,Movie,9.0,201,2003,"Drama, Adventure, Fantasy",2174198,"2003-12-17","Peter Jackson"
tt0100405,5,2008-02-11,"Pretty Woman","Pretty Woman",https://www.imdb.com/title/tt0100405,Movie,7.1,119,1990,"Romance, Comedy",408102,"1990-03-23","Garry Marshall"
tt0338013,7,2008-02-11,"Eternal Sunshine of the Spotless Mind","Eternal Sunshine of the Spotless Mind",https://www.imdb.com/title/tt0338013,Movie,8.3,108,2004,"Drama, Sci-Fi, Romance",1186973,"2004-03-19","Michel Gondry"
tt0449059,7,2008-02-11,"Little Miss Sunshine","Little Miss Sunshine",https://www.imdb.com/title/tt0449059,Movie,7.8,101,2006,"Comedy, Drama",561523,"2006-08-18","Jonathan Dayton,Valerie Faris"
tt0246894,1,2008-02-11,"Rollerball","Rollerball",https://www.imdb.com/title/tt0246894,Movie,3.2,98,2002,"Sport, Sci-Fi, Action",29884,"2002-02-08","John McTiernan"
tt0376541,4,2008-02-11,"Closer","Closer",https://www.imdb.com/title/tt0376541,Movie,7.1,104,2004,"Drama, Romance",251637,"2004-12-03","Mike Nichols"
tt0258463,8,2008-02-11,"The Bourne Identity","The Bourne Identity",https://www.imdb.com/title/tt0258463,Movie,7.8,119,2002,"Mystery, Thriller, Action",616112,"2002-06-14","Doug Liman"
tt0105236,10,2008-02-11,"Reservoir Dogs","Reservoir Dogs",https://www.imdb.com/title/tt0105236,Movie,8.2,99,1992,"Crime, Thriller",1174037,"1992-09-02","Quentin Tarantino"
tt0112462,2,2008-02-11,"Batman Forever","Batman Forever",https://www.imdb.com/title/tt0112462,Movie,5.5,121,1995,"Action, Adventure",283285,"1995-06-16","Joel Schumacher"
tt0195685,4,2008-02-11,"Erin Brockovich","Erin Brockovich",https://www.imdb.com/title/tt0195685,Movie,7.5,131,2000,"Biography, Drama",247791,"2000-03-17","Steven Soderbergh"
tt0120338,8,2008-02-11,"Titanic","Titanic",https://www.imdb.com/title/tt0120338,Movie,8.0,194,1997,"Romance, Drama",1400140,"1997-12-19","James Cameron"
tt0095016,8,2008-02-11,"Die Hard","Die Hard",https://www.imdb.com/title/tt0095016,Movie,8.2,132,1988,"Thriller, Action",1032972,"1988-07-20","John McTiernan"
tt0120655,7,2008-02-11,"Dogma","Dogma",https://www.imdb.com/title/tt0120655,Movie,7.3,130,1999,"Fantasy, Adventure, Drama, Comedy",241573,"1999-11-12","Kevin Smith"
tt0099423,6,2008-02-11,"Die Hard 2","Die Hard 2",https://www.imdb.com/title/tt0099423,Movie,7.2,124,1990,"Thriller, Action",408197,"1990-07-03","Renny Harlin"
tt0105695,7,2008-02-11,"Unforgiven","Unforgiven",https://www.imdb.com/title/tt0105695,Movie,8.2,130,1992,"Drama, Western",469727,"1992-08-07","Clint Eastwood"
tt0120382,8,2008-02-11,"The Truman Show","The Truman Show",https://www.imdb.com/title/tt0120382,Movie,8.2,103,1998,"Comedy, Drama",1385501,"1998-06-05","Peter Weir"
tt0115798,7,2008-02-11,"The Cable Guy","The Cable Guy",https://www.imdb.com/title/tt0115798,Movie,6.2,96,1996,"Comedy, Thriller, Drama",190364,"1996-06-14","Ben Stiller"
tt0120102,3,2008-02-11,"Seven Years in Tibet","Seven Years in Tibet",https://www.imdb.com/title/tt0120102,Movie,7.1,136,1997,"Biography, History, War, Drama, Adventure",168977,"1997-10-10","Jean-Jacques Annaud"
tt0110413,10,2008-02-11,"Léon: The Professional","Léon",https://www.imdb.com/title/tt0110413,Movie,8.5,110,1994,"Action, Drama, Crime, Thriller",1356303,"1994-11-18","Luc Besson"
tt0440963,9,2008-02-11,"The Bourne Ultimatum","The Bourne Ultimatum",https://www.imdb.com/title/tt0440963,Movie,8.0,115,2007,"Action, Thriller, Mystery",685732,"2007-08-03","Paul Greengrass"
tt0167261,4,2008-02-11,"The Lord of the Rings: The Two Towers","The Lord of the Rings: The Two Towers",https://www.imdb.com/title/tt0167261,Movie,8.8,179,2002,"Drama, Adventure, Fantasy",1966047,"2002-12-18","Peter Jackson"
tt0332452,4,2008-02-11,"Troy","Troy",https://www.imdb.com/title/tt0332452,Movie,7.3,163,2004,"Action, Adventure",620380,"2004-05-14","Wolfgang Petersen"
tt0108399,8,2008-02-11,"True Romance","True Romance",https://www.imdb.com/title/tt0108399,Movie,7.9,119,1993,"Thriller, Drama, Crime, Romance",261746,"1993-09-10","Tony Scott"
tt0118661,1,2008-02-11,"The Avengers","The Avengers",https://www.imdb.com/title/tt0118661,Movie,3.8,89,1998,"Thriller, Sci-Fi, Adventure, Action",45876,"1998-08-14","Jeremiah S. Chechik"
tt0418279,5,2008-02-11,"Transformers","Transformers",https://www.imdb.com/title/tt0418279,Movie,7.1,144,2007,"Action, Sci-Fi, Adventure",721783,"2007-07-03","Michael Bay"
tt0765429,8,2008-02-11,"American Gangster","American Gangster",https://www.imdb.com/title/tt0765429,Movie,7.8,157,2007,"Drama, Crime, Biography",489515,"2007-11-02","Ridley Scott"
tt0337978,6,2008-02-11,"Live Free or Die Hard","Live Free or Die Hard",https://www.imdb.com/title/tt0337978,Movie,7.1,128,2007,"Thriller, Action",436602,"2007-06-27","Len Wiseman"
tt0498399,7,2008-02-11,"We Own the Night","We Own the Night",https://www.imdb.com/title/tt0498399,Movie,6.8,117,2007,"Crime, Drama, Thriller",96797,"2007-10-12","James Gray"
tt0104412,7,2008-02-11,"Hero","Hero",https://www.imdb.com/title/tt0104412,Movie,6.5,119,1992,"Romance, Drama, Comedy",25269,"1992-10-02","Stephen Frears"
tt0102057,8,2008-02-11,"Hook","Hook",https://www.imdb.com/title/tt0102057,Movie,6.8,142,1991,"Comedy, Adventure, Family, Fantasy",292880,"1991-12-11","Steven Spielberg"
tt0088763,9,2008-02-11,"Back to the Future","Back to the Future",https://www.imdb.com/title/tt0088763,Movie,8.5,116,1985,"Comedy, Sci-Fi, Adventure",1461078,"1985-07-03","Robert Zemeckis"
tt0120737,4,2008-02-11,"The Lord of the Rings: The Fellowship of the Ring","The Lord of the Rings: The Fellowship of the Ring",https://www.imdb.com/title/tt0120737,Movie,8.9,178,2001,"Drama, Adventure, Fantasy",2216649,"2001-12-19","Peter Jackson"
tt0119528,8,2008-02-11,"Liar Liar","Liar Liar",https://www.imdb.com/title/tt0119528,Movie,6.9,86,1997,"Fantasy, Comedy",364358,"1997-03-21","Tom Shadyac"
tt0332280,7,2008-02-11,"The Notebook","The Notebook",https://www.imdb.com/title/tt0332280,Movie,7.8,123,2004,"Romance, Drama",694747,"2004-06-25","Nick Cassavetes"
tt0119643,6,2008-02-11,"Meet Joe Black","Meet Joe Black",https://www.imdb.com/title/tt0119643,Movie,7.2,178,1998,"Drama, Romance, Fantasy",300858,"1998-11-13","Martin Brest"
tt0829482,7,2008-02-11,"Superbad","Superbad",https://www.imdb.com/title/tt0829482,Movie,7.6,113,2007,"Comedy",698056,"2007-08-17","Greg Mottola"
tt0119177,9,2008-02-11,"Gattaca","Gattaca",https://www.imdb.com/title/tt0119177,Movie,7.7,106,1997,"Sci-Fi, Drama, Thriller",348666,"1997-10-24","Andrew Niccol"
tt0071853,4,2008-02-11,"Monty Python and the Holy Grail","Monty Python and the Holy Grail",https://www.imdb.com/title/tt0071853,Movie,8.1,91,1975,"Adventure, Fantasy, Comedy",604689,"1975-07-18","Terry Gilliam,Terry Jones"
tt0356910,3,2008-02-11,"Mr. & Mrs. Smith","Mr. & Mrs. Smith",https://www.imdb.com/title/tt0356910,Movie,6.5,120,2005,"Comedy, Crime, Thriller, Action",597135,"2005-06-10","Doug Liman"
tt0480249,5,2008-02-11,"I Am Legend","I Am Legend",https://www.imdb.com/title/tt0480249,Movie,7.2,101,2007,"Drama, Sci-Fi, Thriller, Horror",881649,"2007-12-14","Francis Lawrence"
tt0405159,8,2008-02-11,"Million Dollar Baby","Million Dollar Baby",https://www.imdb.com/title/tt0405159,Movie,8.1,132,2004,"Drama, Sport",768844,"2005-01-28","Clint Eastwood"
tt0112573,9,2008-02-11,"Braveheart","Braveheart",https://www.imdb.com/title/tt0112573,Movie,8.3,178,1995,"Drama, War",1165241,"1995-05-24","Mel Gibson"
tt0355702,7,2008-02-11,"Lords of Dogtown","Lords of Dogtown",https://www.imdb.com/title/tt0355702,Movie,7.1,107,2005,"Sport, Biography, Drama",61583,"2005-06-03","Catherine Hardwicke"
tt0120689,8,2008-02-11,"The Green Mile","The Green Mile",https://www.imdb.com/title/tt0120689,Movie,8.6,189,1999,"Crime, Fantasy, Mystery, Drama",1569478,"1999-12-10","Frank Darabont"
tt0442933,3,2008-02-11,"Beowulf","Beowulf",https://www.imdb.com/title/tt0442933,Movie,6.3,115,2007,"Animation, Adventure, Fantasy, Action",180224,"2007-11-16","Robert Zemeckis"
tt0408839,4,2008-02-11,"The Heartbreak Kid","The Heartbreak Kid",https://www.imdb.com/title/tt0408839,Movie,5.9,116,2007,"Comedy, Romance",101916,"2007-10-05","Bobby Farrelly,Peter Farrelly"
tt0208092,10,2008-02-11,"Snatch","Snatch",https://www.imdb.com/title/tt0208092,Movie,8.2,102,2000,"Comedy, Crime",979504,"2001-01-19","Guy Ritchie"
tt0369441,6,2008-02-11,"Fun with Dick and Jane","Fun with Dick and Jane",https://www.imdb.com/title/tt0369441,Movie,6.2,90,2005,"Comedy, Crime",163539,"2005-12-21","Dean Parisot"
tt0268995,7,2008-02-11,"The Majestic","The Majestic",https://www.imdb.com/title/tt0268995,Movie,6.9,152,2001,"Romance, Drama",60992,"2001-12-21","Frank Darabont"
tt0061722,8,2008-02-11,"The Graduate","The Graduate",https://www.imdb.com/title/tt0061722,Movie,8.0,106,1967,"Comedy, Romance, Drama",302689,"1967-12-21","Mike Nichols"
tt0290334,9,2008-02-11,"X2: X-Men United","X2",https://www.imdb.com/title/tt0290334,Movie,7.4,134,2003,"Sci-Fi, Thriller, Action",612475,"2003-05-02","Bryan Singer"
tt0221027,9,2008-02-11,"Blow","Blow",https://www.imdb.com/title/tt0221027,Movie,7.5,124,2001,"Biography, Crime, Drama",288066,"2001-04-06","Ted Demme"
tt0119488,9,2008-02-11,"L.A. Confidential","L.A. Confidential",https://www.imdb.com/title/tt0119488,Movie,8.2,138,1997,"Crime, Drama, Thriller, Mystery",660331,"1997-09-19","Curtis Hanson"
tt0482571,8,2008-02-11,"The Prestige","The Prestige",https://www.imdb.com/title/tt0482571,Movie,8.5,130,2006,"Drama, Thriller, Mystery, Sci-Fi",1598673,"2006-10-20","Christopher Nolan"
tt0206634,7,2008-02-11,"Children of Men","Children of Men",https://www.imdb.com/title/tt0206634,Movie,7.9,109,2006,"Thriller, Drama, Sci-Fi",568377,"2007-01-05","Alfonso Cuarón"
tt0120815,9,2008-02-11,"Saving Private Ryan","Saving Private Ryan",https://www.imdb.com/title/tt0120815,Movie,8.6,169,1998,"Drama, War",1648060,"1998-07-24","Steven Spielberg"
tt0102926,7,2008-02-11,"The Silence of the Lambs","The Silence of the Lambs",https://www.imdb.com/title/tt0102926,Movie,8.6,118,1991,"Crime, Drama, Horror, Thriller",1732350,"1991-02-14","Jonathan Demme"
tt0317248,10,2006-04-13,"City of God","Cidade de Deus",https://www.imdb.com/title/tt0317248,Movie,8.6,130,2002,"Drama, Crime",874750,"2004-02-13","Fernando Meirelles,Kátia Lund"
tt0118715,10,2006-04-13,"The Big Lebowski","The Big Lebowski",https://www.imdb.com/title/tt0118715,Movie,8.1,117,1998,"Crime, Comedy",919309,"1998-03-06","Joel Coen,Ethan Coen"
tt0133093,10,2004-09-27,"The Matrix","The Matrix",https://www.imdb.com/title/tt0133093,Movie,8.7,136,1999,"Action, Sci-Fi",2258686,"1999-03-31","Lana Wachowski,Lilly Wachowski"
